Product Name,Price,Discount Percentage,Currency,Rating,Number of Reviews,Availability Status,Seller Information,Product URL
"ASUS TUF Gaming F15 - AI Powered Gaming Intel Core i5 11th Gen 11260H - (8 GB/512 GB SSD/Windows 11 Home/4 GB Graphics/NVIDIA GeForce RTX 2050/144 Hz/70 TGP) FX506HF-HN075W Gaming Laptop  (15.6 Inch, Graphite Black, 2.30 kg)","53,990",28%,INR,4.3,444,Available,SVPeripherals,https://www.flipkart.com/asus-tuf-gaming-f15-ai-powered-intel-core-i5-11th-gen-11260h-8-gb-512-gb-ssd-windows-11-home-4-graphics-nvidia-geforce-rtx-2050-144-hz-70-tgp-fx506hf-hn075w-laptop/p/itmbd858702e076f?pid=COMGS2AJESZQCMRT&lid=LSTCOMGS2AJESZQCMRTZVTWT2&marketplace=FLIPKART&store=6bo%2Fb5g&srno=b_1_1&otracker=browse&otracker1=hp_rich_navigation_PINNED_neo%2Fmerchandising_NA_NAV_EXPANDABLE_navigationCard_cc_1_L2_view-all&iid=en_dDepBncTZi4cxBEn5MnW7YU9j9t1f7uMW0jj-WY-TMWqDO7U4xzJK4f42uXYKA6_HPSYN0JXLPLxqciJ9PIXVfUFjCTyOHoHZs-Z5_PS_w0%3D&ssid=2rclky4yykvp2ccg1724252829045
"HP Victus Intel Core i5 12th Gen - (16 GB/512 GB SSD/Windows 11 Home/4 GB Graphics/NVIDIA GeForce RTX 2050) 15-fa1351TX Gaming Laptop  (15.6 inch, Performance Blue)","57,990",24%,INR,4.3,28,Available,IndiFlashMart,https://www.flipkart.com/hp-victus-intel-core-i5-12th-gen-16-gb-512-gb-ssd-windows-11-home-4-graphics-nvidia-geforce-rtx-2050-15-fa1351tx-gaming-laptop/p/itm9ad6649afe111?pid=COMHY8KVNMU2S5QQ&lid=LSTCOMHY8KVNMU2S5QQSFQYGS&marketplace=FLIPKART&store=6bo%2Fb5g&srno=b_1_2&otracker=browse&otracker1=hp_rich_navigation_PINNED_neo%2Fmerchandising_NA_NAV_EXPANDABLE_navigationCard_cc_1_L2_view-all&iid=en_dDepBncTZi4cxBEn5MnW7YU9j9t1f7uMW0jj-WY-TMUmRQcW9sLW66mTp03kiY1bspUoz4InDhEwqeNKVIIeWvUFjCTyOHoHZs-Z5_PS_w0%3D&ssid=2rclky4yykvp2ccg1724252829045
"Acer One (2024) Intel Core i3 11th Gen 1115G4 - (8 GB/512 GB SSD/Windows 11 Home) AO 14 Z 8-415 Thin and Light Laptop  (14 Inch, Silver, 1.49 Kg)","24,990",43%,INR,4.2,632,Available,SVPeripherals,https://www.flipkart.com/acer-one-2024-intel-core-i3-11th-gen-1115g4-8-gb-512-gb-ssd-windows-11-home-ao-14-z-8-415-thin-light-laptop/p/itm34f24cbac6f26?pid=COMGPF5CQ7VDWDT4&lid=LSTCOMGPF5CQ7VDWDT4PET780&marketplace=FLIPKART&store=6bo%2Fb5g&spotlightTagId=BestsellerId_6bo%2Fb5g&srno=b_1_3&otracker=browse&otracker1=hp_rich_navigation_PINNED_neo%2Fmerchandising_NA_NAV_EXPANDABLE_navigationCard_cc_1_L2_view-all&iid=86251c60-95d5-48b3-a3e7-ffc9dea10c42.COMGPF5CQ7VDWDT4.SEARCH&ssid=2rclky4yykvp2ccg1724252829045
"DELL Inspiron 3520 Intel Core i3 12th Gen 1215U - (8 GB/512 GB SSD/Windows 11 Home) New Inspiron 15 Laptop Thin and Light Laptop  (15.6 Inch, Platinum Silver, 1.65 Kg, With MS Office)","35,990",29%,INR,4.2,162,Only 1 left,LaptopSolutions,https://www.flipkart.com/dell-inspiron-3520-intel-core-i3-12th-gen-1215u-8-gb-512-gb-ssd-windows-11-home-new-15-laptop-thin-light/p/itm2d6ee1804748f?pid=COMGJ75HJGFDJ6JN&lid=LSTCOMGJ75HJGFDJ6JNY5ESSQ&marketplace=FLIPKART&store=6bo%2Fb5g&srno=b_1_4&otracker=browse&otracker1=hp_rich_navigation_PINNED_neo%2Fmerchandising_NA_NAV_EXPANDABLE_navigationCard_cc_1_L2_view-all&iid=86251c60-95d5-48b3-a3e7-ffc9dea10c42.COMGJ75HJGFDJ6JN.SEARCH&ssid=2rclky4yykvp2ccg1724252829045
"HP 15s (2024) AMD Ryzen 3 Quad Core 5300U - (8 GB/512 GB SSD/Windows 11 Home) 15s-eq2143au Thin and Light Laptop  (15.6 inch, Natural Silver, 1.69 kg, With MS Office)","32,990",33%,INR,4.2,389,Available,PETILANTE Online,https://www.flipkart.com/hp-15s-2024-amd-ryzen-3-quad-core-5300u-8-gb-512-gb-ssd-windows-11-home-15s-eq2143au-thin-light-laptop/p/itm59e288d010cef?pid=COMGAX8EEYFKCESS&lid=LSTCOMGAX8EEYFKCESS83R2QP&marketplace=FLIPKART&store=6bo%2Fb5g&srno=b_1_5&otracker=browse&otracker1=hp_rich_navigation_PINNED_neo%2Fmerchandising_NA_NAV_EXPANDABLE_navigationCard_cc_1_L2_view-all&iid=86251c60-95d5-48b3-a3e7-ffc9dea10c42.COMGAX8EEYFKCESS.SEARCH&ssid=2rclky4yykvp2ccg1724252829045
"Lenovo IdeaPad Slim 1 (2024) AMD Ryzen 5 Hexa Core 5500U - (16 GB/512 GB SSD/Windows 11 Home) 15ALC7 Thin and Light Laptop  (39.62 cm, Cloud Grey, 1.65 kg, With MS Office)","39,990",51%,INR,4.2,414,Only 1 left,R Connect,https://www.flipkart.com/lenovo-ideapad-slim-1-2024-amd-ryzen-5-hexa-core-5500u-16-gb-512-gb-ssd-windows-11-home-15alc7-thin-light-laptop/p/itm4a6035f502270?pid=COMGN2YDSFGGXYG3&lid=LSTCOMGN2YDSFGGXYG3HFIIQJ&marketplace=FLIPKART&store=6bo%2Fb5g&srno=b_1_6&otracker=browse&otracker1=hp_rich_navigation_PINNED_neo%2Fmerchandising_NA_NAV_EXPANDABLE_navigationCard_cc_1_L2_view-all&iid=86251c60-95d5-48b3-a3e7-ffc9dea10c42.COMGN2YDSFGGXYG3.SEARCH&ssid=2rclky4yykvp2ccg1724252829045
"MSI Modern 14 AMD Ryzen 5 Hexa Core 7530U - (16 GB/512 GB SSD/Windows 11 Home) Modern 14 C7M-062IN Thin and Light Laptop  (14 Inch, Urban Silver, 1.4 Kg)","36,990",43%,INR,4.3,239,Available,BUZZINDIA,https://www.flipkart.com/msi-modern-14-amd-ryzen-5-hexa-core-7530u-16-gb-512-gb-ssd-windows-11-home-c7m-062in-thin-light-laptop/p/itm491f6c86ff75c?pid=COMGMV6VNCJ7TTYV&lid=LSTCOMGMV6VNCJ7TTYVJYI44H&marketplace=FLIPKART&store=6bo%2Fb5g&srno=b_1_7&otracker=browse&otracker1=hp_rich_navigation_PINNED_neo%2Fmerchandising_NA_NAV_EXPANDABLE_navigationCard_cc_1_L2_view-all&iid=86251c60-95d5-48b3-a3e7-ffc9dea10c42.COMGMV6VNCJ7TTYV.SEARCH&ssid=2rclky4yykvp2ccg1724252829045
"ASUS TUF Gaming F17 - AI Powered Gaming Intel Core i5 11th Gen 11400H - (16 GB/512 GB SSD/Windows 11 Home/4 GB Graphics/NVIDIA GeForce RTX 2050/70 W) FX706HF-NY040W Gaming Laptop  (17.3 Inch, Graphite Black, 2.60 kg)","57,990",32%,INR,4.3,444,Available,SVPeripherals,https://www.flipkart.com/asus-tuf-gaming-f17-ai-powered-intel-core-i5-11th-gen-11400h-16-gb-512-gb-ssd-windows-11-home-4-graphics-nvidia-geforce-rtx-2050-70-w-fx706hf-ny040w-laptop/p/itm5b135cad5c8a9?pid=COMHY74JXH3KZRWM&lid=LSTCOMHY74JXH3KZRWMLLMJRL&marketplace=FLIPKART&store=6bo%2Fb5g&srno=b_1_8&otracker=browse&otracker1=hp_rich_navigation_PINNED_neo%2Fmerchandising_NA_NAV_EXPANDABLE_navigationCard_cc_1_L2_view-all&iid=en_dDepBncTZi4cxBEn5MnW7YU9j9t1f7uMW0jj-WY-TMWJ8dsiMK7vtMFYLY1AcZNWsSjGUH9raYtLqNnriM6GRQ891ypMzu4_aryI8_sihJ8%3D&ssid=2rclky4yykvp2ccg1724252829045
"CHUWI Intel Core i5 10th Gen 1035G1 - (16 GB/512 GB SSD/Windows 11 Home) CoreBook X Grey Laptop  (14 inch, Grey, 1.40 kg)","24,990",50%,INR,4.1,45,Available,TheElefANT,https://www.flipkart.com/chuwi-intel-core-i5-10th-gen-1035g1-16-gb-512-gb-ssd-windows-11-home-corebook-x-grey-laptop/p/itm575d2115bdd15?pid=COMGVGAWPAQFKPJZ&lid=LSTCOMGVGAWPAQFKPJZCYW6TC&marketplace=FLIPKART&store=6bo%2Fb5g&srno=b_1_9&otracker=browse&otracker1=hp_rich_navigation_PINNED_neo%2Fmerchandising_NA_NAV_EXPANDABLE_navigationCard_cc_1_L2_view-all&iid=86251c60-95d5-48b3-a3e7-ffc9dea10c42.COMGVGAWPAQFKPJZ.SEARCH&ssid=2rclky4yykvp2ccg1724252829045
"Acer Aspire 7 Intel Core i5 12th Gen 12450H - (16 GB/512 GB SSD/Windows 11 Home/4 GB Graphics/NVIDIA GeForce RTX 2050) A715-76G-52H4/ A715-76G Gaming Laptop  (15.6 Inch, Charcoal Black, 2.1 Kg)","53,990",31%,INR,4.1,202,Available,SVPeripherals,https://www.flipkart.com/acer-aspire-7-intel-core-i5-12th-gen-12450h-16-gb-512-gb-ssd-windows-11-home-4-graphics-nvidia-geforce-rtx-2050-a715-76g-52h4-a715-76g-gaming-laptop/p/itm45fad0c290245?pid=COMGRHJUCYY63HAA&lid=LSTCOMGRHJUCYY63HAA42YLKV&marketplace=FLIPKART&store=6bo%2Fb5g&srno=b_1_10&otracker=browse&otracker1=hp_rich_navigation_PINNED_neo%2Fmerchandising_NA_NAV_EXPANDABLE_navigationCard_cc_1_L2_view-all&iid=86251c60-95d5-48b3-a3e7-ffc9dea10c42.COMGRHJUCYY63HAA.SEARCH&ssid=2rclky4yykvp2ccg1724252829045
"ASUS TUF Gaming A15 AMD Ryzen 7 Octa Core 7435HS - (8 GB/512 GB SSD/Windows 11 Home/4 GB Graphics/NVIDIA GeForce RTX 2050) FA566NFR-HN260W Gaming Laptop  (15.6 inch, Graphite Black, 2.30 Kg)","58,990",16%,INR,4,3,Available,SVPeripherals,https://www.flipkart.com/asus-tuf-gaming-a15-amd-ryzen-7-octa-core-7435hs-8-gb-512-gb-ssd-windows-11-home-4-graphics-nvidia-geforce-rtx-2050-fa566nfr-hn260w-laptop/p/itm2a919c4c5047a?pid=COMHFT2NBDET7GJX&lid=LSTCOMHFT2NBDET7GJXKL60AC&marketplace=FLIPKART&store=6bo%2Fb5g&srno=b_1_11&otracker=browse&otracker1=hp_rich_navigation_PINNED_neo%2Fmerchandising_NA_NAV_EXPANDABLE_navigationCard_cc_1_L2_view-all&iid=en_dDepBncTZi4cxBEn5MnW7YU9j9t1f7uMW0jj-WY-TMV4eGMj75bno7eW5CndjRCIHWhTkJV87e-0E-eeqspSuBhTy0lUJ14SzoMSv_CzLF0%3D&ssid=2rclky4yykvp2ccg1724252829045
"ASUS Vivobook 16X Intel Core i5 12th Gen 12500H - (16 GB/512 GB SSD/Windows 11 Home/4 GB Graphics/NVIDIA GeForce RTX 3050) K3605ZC-MBN543WS Gaming Laptop  (16 inch, Indie Black, 1.8 Kg, With MS Office)","69,990",19%,INR,4.4,2,Available,SVPeripherals,https://www.flipkart.com/asus-vivobook-16x-intel-core-i5-12th-gen-12500h-16-gb-512-gb-ssd-windows-11-home-4-graphics-nvidia-geforce-rtx-3050-k3605zc-mbn543ws-gaming-laptop/p/itm739e07ec40ae0?pid=COMGSUZBJQZGGCJZ&lid=LSTCOMGSUZBJQZGGCJZDULU1R&marketplace=FLIPKART&store=6bo%2Fb5g&srno=b_1_12&otracker=browse&otracker1=hp_rich_navigation_PINNED_neo%2Fmerchandising_NA_NAV_EXPANDABLE_navigationCard_cc_1_L2_view-all&iid=en_dDepBncTZi4cxBEn5MnW7YU9j9t1f7uMW0jj-WY-TMXfsaliC4rRcT9DOogr5FVHMZ834qW9UWlb9Y3L-YD6AH3Gaq_wzx4HJysDmGalzMk%3D&ssid=2rclky4yykvp2ccg1724252829045
"Lenovo AMD Ryzen 3 Quad Core 7330U - (8 GB/512 GB SSD/Windows 11 Home) ThinkBook 15 G5 Thin and Light Laptop  (15.6 Inch, Mineral Grey, 1.70 Kg)","28,660",51%,INR,4.4,3,Available,ElectronicsEstore,https://www.flipkart.com/lenovo-amd-ryzen-3-quad-core-7330u-8-gb-512-gb-ssd-windows-11-home-thinkbook-15-g5-thin-light-laptop/p/itm65936d217ef8a?pid=COMGT82X9NYWSXQ7&lid=LSTCOMGT82X9NYWSXQ7FXFDP2&marketplace=FLIPKART&store=6bo%2Fb5g&srno=b_1_13&otracker=browse&otracker1=hp_rich_navigation_PINNED_neo%2Fmerchandising_NA_NAV_EXPANDABLE_navigationCard_cc_1_L2_view-all&iid=86251c60-95d5-48b3-a3e7-ffc9dea10c42.COMGT82X9NYWSXQ7.SEARCH&ssid=2rclky4yykvp2ccg1724252829045
"ASUS Vivobook 15 Intel Core i3 12th Gen 1215U - (8 GB/512 GB SSD/Windows 11 Home) X1502ZA-EJ953WS Thin and Light Laptop  (15.6 Inch, Icelight Silver, 1.70 kg, With MS Office)","33,990",40%,INR,4.3,336,Available,SVPeripherals,https://www.flipkart.com/asus-vivobook-15-intel-core-i3-12th-gen-1215u-8-gb-512-gb-ssd-windows-11-home-x1502za-ej953ws-thin-light-laptop/p/itm3b11f9400fcd8?pid=COMGZKHQ8BXZFBUT&lid=LSTCOMGZKHQ8BXZFBUTEXWMPL&marketplace=FLIPKART&store=6bo%2Fb5g&srno=b_1_14&otracker=browse&otracker1=hp_rich_navigation_PINNED_neo%2Fmerchandising_NA_NAV_EXPANDABLE_navigationCard_cc_1_L2_view-all&iid=86251c60-95d5-48b3-a3e7-ffc9dea10c42.COMGZKHQ8BXZFBUT.SEARCH&ssid=2rclky4yykvp2ccg1724252829045
"HP Intel Core i3 12th Gen 1215U - (16 GB/512 GB SSD/Windows 11 Home) 15s-fy5004TU Thin and Light Laptop  (15.6 Inch, Natural Silver, 1.69 Kg, With MS Office)","41,490",21%,INR,4.2,490,Available,IndiFlashMart,https://www.flipkart.com/hp-intel-core-i3-12th-gen-1215u-16-gb-512-gb-ssd-windows-11-home-15s-fy5004tu-thin-light-laptop/p/itm02564528377fe?pid=COMGQY48KGHRAF3B&lid=LSTCOMGQY48KGHRAF3BRCYCYH&marketplace=FLIPKART&store=6bo%2Fb5g&spotlightTagId=FkPickId_6bo%2Fb5g&srno=b_1_15&otracker=browse&otracker1=hp_rich_navigation_PINNED_neo%2Fmerchandising_NA_NAV_EXPANDABLE_navigationCard_cc_1_L2_view-all&iid=86251c60-95d5-48b3-a3e7-ffc9dea10c42.COMGQY48KGHRAF3B.SEARCH&ssid=2rclky4yykvp2ccg1724252829045
"HP AMD Ryzen 5 Hexa Core 5500U - (16 GB/512 GB SSD/Windows 11 Home) 15s- eq2182AU Thin and Light Laptop  (15.6 inch, Natural Silver, 1.69 kg, With MS Office)","41,990",28%,INR,4.3,261,Available,IndiFlashMart,https://www.flipkart.com/hp-amd-ryzen-5-hexa-core-5500u-16-gb-512-gb-ssd-windows-11-home-15s-eq2182au-thin-light-laptop/p/itm2f070129053ed?pid=COMGFRHGDB9G3Z9C&lid=LSTCOMGFRHGDB9G3Z9CBGKRA6&marketplace=FLIPKART&store=6bo%2Fb5g&srno=b_1_16&otracker=browse&otracker1=hp_rich_navigation_PINNED_neo%2Fmerchandising_NA_NAV_EXPANDABLE_navigationCard_cc_1_L2_view-all&iid=86251c60-95d5-48b3-a3e7-ffc9dea10c42.COMGFRHGDB9G3Z9C.SEARCH&ssid=2rclky4yykvp2ccg1724252829045
"ASUS TUF Gaming A15 AMD Ryzen 5 Hexa Core 7535HS - (16 GB/512 GB SSD/Windows 11 Home/4 GB Graphics/NVIDIA GeForce RTX 3050) FA506NC-HN083W Gaming Laptop  (15.6 Inch, Graphite Black, 2.30 Kg)","68,990",13%,INR,4.2,4,Available,SVPeripherals,https://www.flipkart.com/asus-tuf-gaming-a15-amd-ryzen-5-hexa-core-7535hs-16-gb-512-gb-ssd-windows-11-home-4-graphics-nvidia-geforce-rtx-3050-fa506nc-hn083w-laptop/p/itm10514ecd2a794?pid=COMHFK2T3KCHKAFU&lid=LSTCOMHFK2T3KCHKAFUOEIOAP&marketplace=FLIPKART&store=6bo%2Fb5g&srno=b_1_17&otracker=browse&otracker1=hp_rich_navigation_PINNED_neo%2Fmerchandising_NA_NAV_EXPANDABLE_navigationCard_cc_1_L2_view-all&iid=en_dDepBncTZi4cxBEn5MnW7YU9j9t1f7uMW0jj-WY-TMVvZjnMnvtqta9ROgoT69v2M3EHlqUOBQF0mkkPImU2ZOvN4Mn-dv-pi277bRzMbnY%3D&ssid=2rclky4yykvp2ccg1724252829045
"AXL Intel Celeron Dual Core 9th Gen - (4 GB/256 GB SSD/Windows 11 Home) 15W_LAP02 Thin and Light Laptop  (15.6 inch, Space Grey)","16,328",51%,INR,3.8,4,Available,Nuage Techsol Pvt Ltd,https://www.flipkart.com/axl-intel-celeron-dual-core-9th-gen-4-gb-256-gb-ssd-windows-11-home-15w-lap02-thin-light-laptop/p/itm50377e8d175f3?pid=COMGPXFVFZSH9FYX&lid=LSTCOMGPXFVFZSH9FYXLGV3ST&marketplace=FLIPKART&store=6bo%2Fb5g&srno=b_1_18&otracker=browse&otracker1=hp_rich_navigation_PINNED_neo%2Fmerchandising_NA_NAV_EXPANDABLE_navigationCard_cc_1_L2_view-all&iid=en_dDepBncTZi4cxBEn5MnW7YU9j9t1f7uMW0jj-WY-TMWFEZZJcKQSrYSWLK1GgbI_d4qvSjLRfreqW_4xIpaFlQ%3D%3D&ssid=2rclky4yykvp2ccg1724252829045
"HP Intel Core i5 12th Gen 1235U - (16 GB/512 GB SSD/Windows 11 Home) 15s-fq5330TU|15-fd0111TU Thin and Light Laptop  (15.6 inch, Star Black, 1.69 Kg)","52,990",15%,INR,4.2,126,Available,SVPeripherals,https://www.flipkart.com/hp-intel-core-i5-12th-gen-1235u-16-gb-512-gb-ssd-windows-11-home-15s-fq5330tu-15-fd0111tu-thin-light-laptop/p/itm5b5f94f7b044c?pid=COMGXNZGJV3MEMWM&lid=LSTCOMGXNZGJV3MEMWMMNYA0K&marketplace=FLIPKART&store=6bo%2Fb5g&srno=b_1_19&otracker=browse&otracker1=hp_rich_navigation_PINNED_neo%2Fmerchandising_NA_NAV_EXPANDABLE_navigationCard_cc_1_L2_view-all&iid=86251c60-95d5-48b3-a3e7-ffc9dea10c42.COMGXNZGJV3MEMWM.SEARCH&ssid=2rclky4yykvp2ccg1724252829045
"Acer Swift Go 14 EVO OLED (2024) Intel Core i5 13th Gen 13500H - (16 GB/512 GB SSD/Windows 11 Home) SFG14-71-58UB Thin and Light Laptop  (14 Inch, Pure Silver, 1.25 Kg, With MS Office)","56,990",39%,INR,4.3,148,Available,IndiFlashMart,https://www.flipkart.com/acer-swift-go-14-evo-oled-2024-intel-core-i5-13th-gen-13500h-16-gb-512-gb-ssd-windows-11-home-sfg14-71-58ub-thin-light-laptop/p/itm0a080194d6dd1?pid=COMGZKGGAHZBA3WY&lid=LSTCOMGZKGGAHZBA3WYWOBYJC&marketplace=FLIPKART&store=6bo%2Fb5g&spotlightTagId=BestsellerId_6bo%2Fb5g&srno=b_1_20&otracker=browse&otracker1=hp_rich_navigation_PINNED_neo%2Fmerchandising_NA_NAV_EXPANDABLE_navigationCard_cc_1_L2_view-all&iid=86251c60-95d5-48b3-a3e7-ffc9dea10c42.COMGZKGGAHZBA3WY.SEARCH&ssid=2rclky4yykvp2ccg1724252829045
"ASUS TUF Gaming A15 AMD Ryzen 7 Octa Core 7435HS - (16 GB/512 GB SSD/Windows 11 Home/4 GB Graphics/NVIDIA GeForce RTX 3050) FA566NCR-HN075W Gaming Laptop  (15.6 inch, Graphite Black, 2.30 Kg)","71,990",17%,INR,4.2,1,Available,SVPeripherals,https://www.flipkart.com/asus-tuf-gaming-a15-amd-ryzen-7-octa-core-7435hs-16-gb-512-gb-ssd-windows-11-home-4-graphics-nvidia-geforce-rtx-3050-fa566ncr-hn075w-laptop/p/itmf85ee66cab735?pid=COMHFT2NY5V7RCMK&lid=LSTCOMHFT2NY5V7RCMKJW0ZPL&marketplace=FLIPKART&store=6bo%2Fb5g&srno=b_1_21&otracker=browse&otracker1=hp_rich_navigation_PINNED_neo%2Fmerchandising_NA_NAV_EXPANDABLE_navigationCard_cc_1_L2_view-all&iid=en_dDepBncTZi4cxBEn5MnW7YU9j9t1f7uMW0jj-WY-TMWqwwmm8kEHQoNRo8AwHVLJzY2bvFzE-EqUUjkTIPlW4q8iqbiwhGf4dwbXVx7ZSks%3D&ssid=2rclky4yykvp2ccg1724252829045
"Acer Aspire 3 Intel Core i3 12th Gen 1215U - (8 GB/512 GB SSD/Windows 11 Home) A324-51 Thin and Light Laptop  (14 Inch, Steel Gray, 1.45 Kg)","29,990",30%,INR,4.1,43,Available,SVPeripherals,https://www.flipkart.com/acer-aspire-3-intel-core-i3-12th-gen-1215u-8-gb-512-gb-ssd-windows-11-home-a324-51-thin-light-laptop/p/itm7452347fa2428?pid=COMHY24RJH2YXVPG&lid=LSTCOMHY24RJH2YXVPGTVAAXW&marketplace=FLIPKART&store=6bo%2Fb5g&srno=b_1_22&otracker=browse&otracker1=hp_rich_navigation_PINNED_neo%2Fmerchandising_NA_NAV_EXPANDABLE_navigationCard_cc_1_L2_view-all&iid=86251c60-95d5-48b3-a3e7-ffc9dea10c42.COMHY24RJH2YXVPG.SEARCH&ssid=2rclky4yykvp2ccg1724252829045
"walker Intel Celeron Dual Core N4020 - (4 GB/128 GB SSD/Windows 11 Home) NU14A1 Thin and Light Laptop  (14.1 inch, Cloud Silver, 1.3 Kg)","12,990",56%,INR,3.7,160,Only 1 left,SUGSHAANnet,https://www.flipkart.com/walker-intel-celeron-dual-core-n4020-4-gb-128-gb-ssd-windows-11-home-nu14a1-thin-light-laptop/p/itm3d8c664ba317d?pid=COMGT4RVRZZKSHX3&lid=LSTCOMGT4RVRZZKSHX3QIYXNU&marketplace=FLIPKART&store=6bo%2Fb5g&srno=b_1_23&otracker=browse&otracker1=hp_rich_navigation_PINNED_neo%2Fmerchandising_NA_NAV_EXPANDABLE_navigationCard_cc_1_L2_view-all&iid=86251c60-95d5-48b3-a3e7-ffc9dea10c42.COMGT4RVRZZKSHX3.SEARCH&ssid=2rclky4yykvp2ccg1724252829045
"SAMSUNG Galaxy Book4 Intel Core i5 13th Gen 1335U - (16 GB/512 GB SSD/Windows 11 Home) NP750XGJ-KG2IN / NP750XGJ-LG2IN Thin and Light Laptop  (15.6 Inch, Gray, 1.55 Kg, With MS Office)","65,990",20%,INR,4.5,62,Available,RetailNet,https://www.flipkart.com/samsung-galaxy-book4-intel-core-i5-13th-gen-1335u-16-gb-512-gb-ssd-windows-11-home-np750xgj-kg2in-np750xgj-lg2in-thin-light-laptop/p/itm820dc496ef160?pid=COMGZUYDGFJGHZR4&lid=LSTCOMGZUYDGFJGHZR4JPVIN2&marketplace=FLIPKART&store=6bo%2Fb5g&srno=b_1_24&otracker=browse&otracker1=hp_rich_navigation_PINNED_neo%2Fmerchandising_NA_NAV_EXPANDABLE_navigationCard_cc_1_L2_view-all&iid=86251c60-95d5-48b3-a3e7-ffc9dea10c42.COMGZUYDGFJGHZR4.SEARCH&ssid=2rclky4yykvp2ccg1724252829045
"HP 2023 Intel Core i3 12th Gen 1215U - (8 GB/512 GB SSD/Windows 11 Home) 15s-fy5003TU Thin and Light Laptop  (15.6 Inch, Natural Silver, 1.69 Kg, With MS Office)","36,990",27%,INR,4.2,226,Available,SVPeripherals,https://www.flipkart.com/hp-2023-intel-core-i3-12th-gen-1215u-8-gb-512-gb-ssd-windows-11-home-15s-fy5003tu-thin-light-laptop/p/itm2977a9ca00317?pid=COMGZVGHE9QU8C6M&lid=LSTCOMGZVGHE9QU8C6MHJQTO4&marketplace=FLIPKART&store=6bo%2Fb5g&srno=b_2_25&otracker=browse&otracker1=hp_rich_navigation_PINNED_neo%2Fmerchandising_NA_NAV_EXPANDABLE_navigationCard_cc_1_L2_view-all&fm=organic&iid=87cbab34-e2a8-422d-8379-cdcda806411f.COMGZVGHE9QU8C6M.SEARCH&ppt=browse&ppn=browse&ssid=sywkdau9091czgu81724252881830
"Acer Swift Go 14 OLED 2024 EVO Intel Core i7 13th Gen 13700H - (16 GB/512 GB SSD/Windows 11 Home) SFG14-71 Thin and Light Laptop  (14 inch, Silver, 1.25 kg, With MS Office)","67,990",36%,INR,4.3,15,Available,SVPeripherals,https://www.flipkart.com/acer-swift-go-14-oled-2024-evo-intel-core-i7-13th-gen-13700h-16-gb-512-gb-ssd-windows-11-home-sfg14-71-thin-light-laptop/p/itm6fc6c8a896339?pid=COMHFTYZ85REM7GD&lid=LSTCOMHFTYZ85REM7GDDSBHA0&marketplace=FLIPKART&store=6bo%2Fb5g&srno=b_2_26&otracker=browse&otracker1=hp_rich_navigation_PINNED_neo%2Fmerchandising_NA_NAV_EXPANDABLE_navigationCard_cc_1_L2_view-all&fm=organic&iid=87cbab34-e2a8-422d-8379-cdcda806411f.COMHFTYZ85REM7GD.SEARCH&ppt=browse&ppn=browse&ssid=sywkdau9091czgu81724252881830
"Lenovo IdeaPad Slim 3 (2024) Intel Core i3 12th Gen 1215U - (8 GB/512 GB SSD/Windows 11 Home) 15IAU7 Thin and Light Laptop  (39.62 cm, Arctic Grey, 1.63 Kg, With MS Office)","39,490",32%,INR,4.2,70,Available,SVPeripherals,https://www.flipkart.com/lenovo-ideapad-slim-3-2024-intel-core-i3-12th-gen-1215u-8-gb-512-gb-ssd-windows-11-home-15iau7-thin-light-laptop/p/itm07f540e13a0e8?pid=COMGP26H8PHCAMZE&lid=LSTCOMGP26H8PHCAMZEGEC9S3&marketplace=FLIPKART&store=6bo%2Fb5g&srno=b_2_27&otracker=browse&otracker1=hp_rich_navigation_PINNED_neo%2Fmerchandising_NA_NAV_EXPANDABLE_navigationCard_cc_1_L2_view-all&fm=organic&iid=87cbab34-e2a8-422d-8379-cdcda806411f.COMGP26H8PHCAMZE.SEARCH&ppt=browse&ppn=browse&ssid=sywkdau9091czgu81724252881830
"Acer Aspire 3 Intel Celeron Dual Core N4500 - (8 GB/256 GB SSD/Windows 11 Home) A324-45 Thin and Light Laptop  (14 Inch, Pure Silver, 1.3 Kg)","19,990",33%,INR,4.1,1,Only few left,SVPeripherals,https://www.flipkart.com/acer-aspire-3-intel-celeron-dual-core-n4500-8-gb-256-gb-ssd-windows-11-home-a324-45-thin-light-laptop/p/itm058a60377360b?pid=COMHFZYZHA5YJHS3&lid=LSTCOMHFZYZHA5YJHS30OEKLM&marketplace=FLIPKART&store=6bo%2Fb5g&srno=b_2_28&otracker=browse&otracker1=hp_rich_navigation_PINNED_neo%2Fmerchandising_NA_NAV_EXPANDABLE_navigationCard_cc_1_L2_view-all&fm=organic&iid=87cbab34-e2a8-422d-8379-cdcda806411f.COMHFZYZHA5YJHS3.SEARCH&ppt=browse&ppn=browse&ssid=sywkdau9091czgu81724252881830
"HP Victus 15 (2024) Intel Core i5 13th Gen 13420H - (16 GB/512 GB SSD/Windows 11 Home/6 GB Graphics/NVIDIA GeForce RTX 3050) 15-fa1327TX Gaming Laptop  (15.6 inch, Performance Blue, 2.3 Kg, With MS Office)","74,990",18%,INR,4.4,16,Available,IndiFlashMart,https://www.flipkart.com/hp-victus-15-2024-intel-core-i5-13th-gen-13420h-16-gb-512-gb-ssd-windows-11-home-6-graphics-nvidia-geforce-rtx-3050-15-fa1327tx-gaming-laptop/p/itmb08f154f265d7?pid=COMHY8KVZ73Y9PPY&lid=LSTCOMHY8KVZ73Y9PPYGBSHGI&marketplace=FLIPKART&store=6bo%2Fb5g&srno=b_2_29&otracker=browse&otracker1=hp_rich_navigation_PINNED_neo%2Fmerchandising_NA_NAV_EXPANDABLE_navigationCard_cc_1_L2_view-all&fm=organic&iid=87cbab34-e2a8-422d-8379-cdcda806411f.COMHY8KVZ73Y9PPY.SEARCH&ppt=browse&ppn=browse&ssid=sywkdau9091czgu81724252881830
"MSI Thin 15 Intel Core i5 12th Gen 12450H - (16 GB/512 GB SSD/Windows 11 Home/4 GB Graphics/NVIDIA GeForce RTX 2050) Thin 15 B12UCX-1695IN Gaming Laptop  (15.6 Inch, Cosmos Gray, 1.86 Kg)","54,990",22%,INR,4.3,15,Available,SVPeripherals,https://www.flipkart.com/msi-thin-15-intel-core-i5-12th-gen-12450h-16-gb-512-gb-ssd-windows-11-home-4-graphics-nvidia-geforce-rtx-2050-b12ucx-1695in-gaming-laptop/p/itm41b49435a187d?pid=COMGYSFG4WHPVAVZ&lid=LSTCOMGYSFG4WHPVAVZ6L3G5Q&marketplace=FLIPKART&store=6bo%2Fb5g&srno=b_2_30&otracker=browse&otracker1=hp_rich_navigation_PINNED_neo%2Fmerchandising_NA_NAV_EXPANDABLE_navigationCard_cc_1_L2_view-all&fm=organic&iid=87cbab34-e2a8-422d-8379-cdcda806411f.COMGYSFG4WHPVAVZ.SEARCH&ppt=browse&ppn=browse&ssid=sywkdau9091czgu81724252881830
"Acer Aspire 3 Intel Celeron Dual Core N4500 - (8 GB/512 GB SSD/Windows 11 Home) A324-45 Thin and Light Laptop  (14 Inch, Pure Silver, 1.3 Kg)","20,990",36%,INR,3.9,18,Available,SVPeripherals,https://www.flipkart.com/acer-aspire-3-intel-celeron-dual-core-n4500-8-gb-512-gb-ssd-windows-11-home-a324-45-thin-light-laptop/p/itmbbfe217e40d59?pid=COMHFZYZFVD2MCAB&lid=LSTCOMHFZYZFVD2MCABTLQNKG&marketplace=FLIPKART&store=6bo%2Fb5g&srno=b_2_31&otracker=browse&otracker1=hp_rich_navigation_PINNED_neo%2Fmerchandising_NA_NAV_EXPANDABLE_navigationCard_cc_1_L2_view-all&fm=organic&iid=87cbab34-e2a8-422d-8379-cdcda806411f.COMHFZYZFVD2MCAB.SEARCH&ppt=browse&ppn=browse&ssid=sywkdau9091czgu81724252881830
"ASUS Vivobook 15 Intel Core i3 12th Gen 1215U - (16 GB/512 GB SSD/Windows 11 Home) X1502ZA-EJ993WS Thin and Light Laptop  (15.6 Inch, Icelight Silver, 1.70 Kg, With MS Office)","37,990",35%,INR,4.3,336,Available,SVPeripherals,https://www.flipkart.com/asus-vivobook-15-intel-core-i3-12th-gen-1215u-16-gb-512-gb-ssd-windows-11-home-x1502za-ej993ws-thin-light-laptop/p/itmf8b65b51db349?pid=COMGS7M3HHJQYVKB&lid=LSTCOMGS7M3HHJQYVKBRTO2VL&marketplace=FLIPKART&store=6bo%2Fb5g&srno=b_2_32&otracker=browse&otracker1=hp_rich_navigation_PINNED_neo%2Fmerchandising_NA_NAV_EXPANDABLE_navigationCard_cc_1_L2_view-all&fm=organic&iid=87cbab34-e2a8-422d-8379-cdcda806411f.COMGS7M3HHJQYVKB.SEARCH&ppt=browse&ppn=browse&ssid=sywkdau9091czgu81724252881830
"HP Laptop AMD Ryzen 3 Quad Core 5300U - (8 GB/512 GB SSD/Windows 11 Home) 15s- eq2212AU Thin and Light Laptop  (15.6 Inch, Natural Silver, 1.69 Kg, With MS Office)","30,999",30%,INR,4.3,475,Available,DEAL28,https://www.flipkart.com/hp-laptop-amd-ryzen-3-quad-core-5300u-8-gb-512-gb-ssd-windows-11-home-15s-eq2212au-thin-light/p/itmedd9f415e3db2?pid=COMGHAGN3U9FJH39&lid=LSTCOMGHAGN3U9FJH39LOH9CD&marketplace=FLIPKART&store=6bo%2Fb5g&srno=b_2_33&otracker=browse&otracker1=hp_rich_navigation_PINNED_neo%2Fmerchandising_NA_NAV_EXPANDABLE_navigationCard_cc_1_L2_view-all&fm=organic&iid=87cbab34-e2a8-422d-8379-cdcda806411f.COMGHAGN3U9FJH39.SEARCH&ppt=browse&ppn=browse&ssid=sywkdau9091czgu81724252881830
"ASUS Vivobook 14 (2023) Intel Core i3 13th Gen 1315U - (8 GB/512 GB SSD/Windows 11 Home) X1404VA-NK322WS Thin and Light Laptop  (14 Inch, Transparent Silver, 1.40 kg, With MS Office)","35,990",37%,INR,4,46,Available,IndiFlashMart,https://www.flipkart.com/asus-vivobook-14-2023-intel-core-i3-13th-gen-1315u-8-gb-512-gb-ssd-windows-11-home-x1404va-nk322ws-thin-light-laptop/p/itm49c0450d9ee9d?pid=COMGZDQJ3UKYENYR&lid=LSTCOMGZDQJ3UKYENYRGCB3DM&marketplace=FLIPKART&store=6bo%2Fb5g&srno=b_2_34&otracker=browse&otracker1=hp_rich_navigation_PINNED_neo%2Fmerchandising_NA_NAV_EXPANDABLE_navigationCard_cc_1_L2_view-all&fm=organic&iid=87cbab34-e2a8-422d-8379-cdcda806411f.COMGZDQJ3UKYENYR.SEARCH&ppt=browse&ppn=browse&ssid=sywkdau9091czgu81724252881830
"ASUS Vivobook S 14 Intel EVO H-Series Intel Core i5 12th Gen 12500H - (16 GB/512 GB SSD/Windows 11 Home) S3402ZA-LY542WS Thin and Light Laptop  (14 inch, Indie Black, 1.50 Kg)","59,990",31%,INR,4.3,193,Available,TBL Online,https://www.flipkart.com/asus-vivobook-s-14-intel-evo-h-series-core-i5-12th-gen-12500h-16-gb-512-gb-ssd-windows-11-home-s3402za-ly542ws-thin-light-laptop/p/itmfee55947a37e1?pid=COMGNY4VRQEC4XHH&lid=LSTCOMGNY4VRQEC4XHHDXXYGU&marketplace=FLIPKART&store=6bo%2Fb5g&srno=b_2_35&otracker=browse&otracker1=hp_rich_navigation_PINNED_neo%2Fmerchandising_NA_NAV_EXPANDABLE_navigationCard_cc_1_L2_view-all&fm=organic&iid=87cbab34-e2a8-422d-8379-cdcda806411f.COMGNY4VRQEC4XHH.SEARCH&ppt=browse&ppn=browse&ssid=sywkdau9091czgu81724252881830
"ASUS Vivobook 15, with Backlit Keyboard, Intel Core i5 12th Gen 1235U - (16 GB/512 GB SSD/Windows 11 Home) X1504ZA-NJ540WS Thin and Light Laptop  (15.6 Inch, Cool Silver, 1.70 Kg, With MS Office)","49,990",25%,INR,4.2,115,Available,SVPeripherals,https://www.flipkart.com/asus-vivobook-15-backlit-keyboard-intel-core-i5-12th-gen-1235u-16-gb-512-gb-ssd-windows-11-home-x1504za-nj540ws-thin-light-laptop/p/itm567e49f44f399?pid=COMHYG8ZSP9DC2GZ&lid=LSTCOMHYG8ZSP9DC2GZECEZQA&marketplace=FLIPKART&store=6bo%2Fb5g&srno=b_2_36&otracker=browse&otracker1=hp_rich_navigation_PINNED_neo%2Fmerchandising_NA_NAV_EXPANDABLE_navigationCard_cc_1_L2_view-all&fm=organic&iid=87cbab34-e2a8-422d-8379-cdcda806411f.COMHYG8ZSP9DC2GZ.SEARCH&ppt=browse&ppn=browse&ssid=sywkdau9091czgu81724252881830
"ASUS Vivobook 15 Intel Core i3 12th Gen 1215U - (8 GB/512 GB SSD/Windows 11 Home) X1502ZA-EJ322WS Thin and Light Laptop  (15.6 Inch, Icelight Silver, 1.70 Kg, With MS Office)","34,990",38%,INR,4.1,9,Only few left,FastDeals,https://www.flipkart.com/asus-vivobook-15-intel-core-i3-12th-gen-1215u-8-gb-512-gb-ssd-windows-11-home-x1502za-ej322ws-thin-light-laptop/p/itm54273cfe6723b?pid=COMGMGXFZUFYHPJG&lid=LSTCOMGMGXFZUFYHPJGNBYU4W&marketplace=FLIPKART&store=6bo%2Fb5g&srno=b_2_37&otracker=browse&otracker1=hp_rich_navigation_PINNED_neo%2Fmerchandising_NA_NAV_EXPANDABLE_navigationCard_cc_1_L2_view-all&fm=organic&iid=87cbab34-e2a8-422d-8379-cdcda806411f.COMGMGXFZUFYHPJG.SEARCH&ppt=browse&ppn=browse&ssid=sywkdau9091czgu81724252881830
"Lenovo V15 Intel Celeron Dual Core 4th Gen N4500 - (8 GB/256 GB SSD/Windows 11 Home) 82QYA00MIN Thin and Light Laptop  (15.6 inch, Black, 1.7 kg)","22,490",46%,INR,4,230,Only 1 left,SVPeripherals,https://www.flipkart.com/lenovo-v15-intel-celeron-dual-core-4th-gen-n4500-8-gb-256-gb-ssd-windows-11-home-82qya00min-thin-light-laptop/p/itmdad173c69b235?pid=COMGZNMS5AHPF2GP&lid=LSTCOMGZNMS5AHPF2GPPMPOX7&marketplace=FLIPKART&store=6bo%2Fb5g&srno=b_2_38&otracker=browse&otracker1=hp_rich_navigation_PINNED_neo%2Fmerchandising_NA_NAV_EXPANDABLE_navigationCard_cc_1_L2_view-all&fm=organic&iid=87cbab34-e2a8-422d-8379-cdcda806411f.COMGZNMS5AHPF2GP.SEARCH&ppt=browse&ppn=browse&ssid=sywkdau9091czgu81724252881830
"Acer Swift Go 14 TouchScreen Intel Core Ultra 5 125H - (16 GB/512 GB SSD/Windows 11 Home) SFG14-73T Thin and Light Laptop  (14 Inch, Pure Silver, 1.3 Kg, With MS Office)","79,990",13%,INR,4.5,29,Available,SVPeripherals,https://www.flipkart.com/acer-swift-go-14-touchscreen-intel-core-ultra-5-125h-16-gb-512-gb-ssd-windows-11-home-sfg14-73t-thin-light-laptop/p/itm174fc1bfd505f?pid=COMGZH2UKZZXYGSA&lid=LSTCOMGZH2UKZZXYGSAF4SIUU&marketplace=FLIPKART&store=6bo%2Fb5g&srno=b_2_39&otracker=browse&otracker1=hp_rich_navigation_PINNED_neo%2Fmerchandising_NA_NAV_EXPANDABLE_navigationCard_cc_1_L2_view-all&fm=organic&iid=87cbab34-e2a8-422d-8379-cdcda806411f.COMGZH2UKZZXYGSA.SEARCH&ppt=browse&ppn=browse&ssid=sywkdau9091czgu81724252881830
"ASUS Vivobook 15 Intel Core i5 12th Gen 1235U - (16 GB/512 GB SSD/Windows 11 Home) X1502ZA-EJ545WS Thin and Light Laptop  (15.6 Inch, Icelight Silver, 1.70 Kg, With MS Office)","47,990",36%,INR,4.2,115,Available,SVPeripherals,https://www.flipkart.com/asus-vivobook-15-intel-core-i5-12th-gen-1235u-16-gb-512-gb-ssd-windows-11-home-x1502za-ej545ws-thin-light-laptop/p/itm2b6308ea1ee21?pid=COMGR5QEDDTGGUBX&lid=LSTCOMGR5QEDDTGGUBXOVXZAO&marketplace=FLIPKART&store=6bo%2Fb5g&srno=b_2_40&otracker=browse&otracker1=hp_rich_navigation_PINNED_neo%2Fmerchandising_NA_NAV_EXPANDABLE_navigationCard_cc_1_L2_view-all&fm=organic&iid=87cbab34-e2a8-422d-8379-cdcda806411f.COMGR5QEDDTGGUBX.SEARCH&ppt=browse&ppn=browse&ssid=sywkdau9091czgu81724252881830
"ASUS Vivobook S14 OLED Intel EVO H-Series Intel Core i5 12th Gen 12500H - (16 GB/512 GB SSD/Windows 11 Home) S3402ZA-KM501WS Thin and Light Laptop  (14 Inch, Neutral Grey, 1.50 Kg, With MS Office)","64,990",34%,INR,4.4,406,Available,TBL Online,https://www.flipkart.com/asus-vivobook-s14-oled-intel-evo-h-series-core-i5-12th-gen-12500h-16-gb-512-gb-ssd-windows-11-home-s3402za-km501ws-thin-light-laptop/p/itm635eb6df61d1c?pid=COMGCG2GXUAAMYJF&lid=LSTCOMGCG2GXUAAMYJFOJKKYY&marketplace=FLIPKART&store=6bo%2Fb5g&srno=b_2_41&otracker=browse&otracker1=hp_rich_navigation_PINNED_neo%2Fmerchandising_NA_NAV_EXPANDABLE_navigationCard_cc_1_L2_view-all&fm=organic&iid=87cbab34-e2a8-422d-8379-cdcda806411f.COMGCG2GXUAAMYJF.SEARCH&ppt=browse&ppn=browse&ssid=sywkdau9091czgu81724252881830
"HP 360 Intel Celeron Quad Core N4120 - (4 GB/64 GB EMMC Storage/Chrome OS) 14a-ca0504TU Chromebook Laptop  (14 Inch, Forest Teal, 1.49 Kg)","19,990",38%,INR,4,108,Available,TBL Online,https://www.flipkart.com/hp-360-intel-celeron-quad-core-n4120-4-gb-64-gb-emmc-storage-chrome-os-14a-ca0504tu-chromebook-laptop/p/itm786e711f402fa?pid=COMGBHKF9E65BFZP&lid=LSTCOMGBHKF9E65BFZP5UAU9E&marketplace=FLIPKART&store=6bo%2Fb5g&srno=b_2_42&otracker=browse&otracker1=hp_rich_navigation_PINNED_neo%2Fmerchandising_NA_NAV_EXPANDABLE_navigationCard_cc_1_L2_view-all&fm=organic&iid=87cbab34-e2a8-422d-8379-cdcda806411f.COMGBHKF9E65BFZP.SEARCH&ppt=browse&ppn=browse&ssid=sywkdau9091czgu81724252881830
"Apple 2023 Macbook Air Apple M2 - (8 GB/512 GB SSD/macOS Ventura) MQKT3HN/A  (15.3 Inch, Silver, 1.51 Kg)","1,10,990",28%,INR,4.7,27,Only few left,TREASURE HAUL ONLINE,https://www.flipkart.com/apple-2023-macbook-air-m2-8-gb-512-gb-ssd-macos-ventura-mqkt3hn-a/p/itm89be24aad9ac1?pid=COMGQA2VBNJ9GTUQ&lid=LSTCOMGQA2VBNJ9GTUQP28P3Q&marketplace=FLIPKART&store=6bo%2Fb5g&srno=b_2_43&otracker=browse&otracker1=hp_rich_navigation_PINNED_neo%2Fmerchandising_NA_NAV_EXPANDABLE_navigationCard_cc_1_L2_view-all&fm=organic&iid=87cbab34-e2a8-422d-8379-cdcda806411f.COMGQA2VBNJ9GTUQ.SEARCH&ppt=browse&ppn=browse&ssid=sywkdau9091czgu81724252881830
"DELL Intel Core i5 13th Gen 1334U - (8 GB/512 GB SSD/Windows 11 Home) Vostro 3530 Thin and Light Laptop  (15.6 Inch, Carbon Black, 1.66 Kg, With MS Office)","49,990",16%,INR,4.5,1,Only few left,LaptopSolutions,https://www.flipkart.com/dell-intel-core-i5-13th-gen-1334u-8-gb-512-gb-ssd-windows-11-home-vostro-3530-thin-light-laptop/p/itm79cd6c99191e5?pid=COMHF2JYJXYG7J5T&lid=LSTCOMHF2JYJXYG7J5TKX7GPP&marketplace=FLIPKART&store=6bo%2Fb5g&srno=b_2_44&otracker=browse&otracker1=hp_rich_navigation_PINNED_neo%2Fmerchandising_NA_NAV_EXPANDABLE_navigationCard_cc_1_L2_view-all&fm=organic&iid=87cbab34-e2a8-422d-8379-cdcda806411f.COMHF2JYJXYG7J5T.SEARCH&ppt=browse&ppn=browse&ssid=sywkdau9091czgu81724252881830
"Ultimus Elite Intel Core i5 10th Gen - (8 GB/512 GB SSD/Windows 11 Home) NU14U3INF56BN-CS Thin and Light Laptop  (14.1 inch, Cloud Silver)","26,990",41%,INR,3.7,93,Available,TradePLFIPLecom,https://www.flipkart.com/ultimus-elite-intel-core-i5-10th-gen-8-gb-512-gb-ssd-windows-11-home-nu14u3inf56bn-cs-thin-light-laptop/p/itm4a8ada528021f?pid=COMGQHMUHVUGWSN2&lid=LSTCOMGQHMUHVUGWSN2XBWTYG&marketplace=FLIPKART&store=6bo%2Fb5g&srno=b_2_45&otracker=browse&otracker1=hp_rich_navigation_PINNED_neo%2Fmerchandising_NA_NAV_EXPANDABLE_navigationCard_cc_1_L2_view-all&fm=organic&iid=87cbab34-e2a8-422d-8379-cdcda806411f.COMGQHMUHVUGWSN2.SEARCH&ppt=browse&ppn=browse&ssid=sywkdau9091czgu81724252881830
"ASUS Vivobook 15, with Backlit Keyboard, Intel Core i3 12th Gen - (8 GB/512 GB SSD/Windows 11 Home) X1504ZA-NJ321WS Thin and Light Laptop  (15.6 Inch, Quiet Blue, With MS Office)","35,990",34%,INR,4.3,336,Available,SVPeripherals,https://www.flipkart.com/asus-vivobook-15-backlit-keyboard-intel-core-i3-12th-gen-8-gb-512-gb-ssd-windows-11-home-x1504za-nj321ws-thin-light-laptop/p/itmbe5bbf6a5168b?pid=COMGT2ZXC24MFNFA&lid=LSTCOMGT2ZXC24MFNFAH8MFND&marketplace=FLIPKART&store=6bo%2Fb5g&srno=b_2_46&otracker=browse&otracker1=hp_rich_navigation_PINNED_neo%2Fmerchandising_NA_NAV_EXPANDABLE_navigationCard_cc_1_L2_view-all&fm=organic&iid=87cbab34-e2a8-422d-8379-cdcda806411f.COMGT2ZXC24MFNFA.SEARCH&ppt=browse&ppn=browse&ssid=sywkdau9091czgu81724252881830
"SAMSUNG Galaxy Book4 Intel Core i7 13th Gen 1355U - (16 GB/512 GB SSD/Windows 11 Home) NP750XGJ-KG3IN / NP750XGJ-LG3IN Thin and Light Laptop  (15.6 Inch, Gray, 1.55 Kg, With MS Office)","74,990",16%,INR,4.4,6,Available,RetailNet,https://www.flipkart.com/samsung-galaxy-book4-intel-core-i7-13th-gen-1355u-16-gb-512-gb-ssd-windows-11-home-np750xgj-kg3in-np750xgj-lg3in-thin-light-laptop/p/itm4d1191082404c?pid=COMGZUYDYPUZAAXD&lid=LSTCOMGZUYDYPUZAAXDBMAOEF&marketplace=FLIPKART&store=6bo%2Fb5g&srno=b_2_47&otracker=browse&otracker1=hp_rich_navigation_PINNED_neo%2Fmerchandising_NA_NAV_EXPANDABLE_navigationCard_cc_1_L2_view-all&fm=organic&iid=87cbab34-e2a8-422d-8379-cdcda806411f.COMGZUYDYPUZAAXD.SEARCH&ppt=browse&ppn=browse&ssid=sywkdau9091czgu81724252881830
"Acer Predator Neo (2023) Intel Core i7 13th Gen 13700HX - (16 GB/1 TB SSD/Windows 11 Home/6 GB Graphics/NVIDIA GeForce RTX 4050) PHN16-71-757P Gaming Laptop  (16 Inch, Obsidian Black, 2.6 Kg)","1,04,990",27%,INR,4.4,87,Available,IndiFlashMart,https://www.flipkart.com/acer-predator-neo-2023-intel-core-i7-13th-gen-13700hx-16-gb-1-tb-ssd-windows-11-home-6-gb-graphics-nvidia-geforce-rtx-4050-phn16-71-757p-gaming-laptop/p/itmbac4c539241e8?pid=COMGZS9GYMHMGDT6&lid=LSTCOMGZS9GYMHMGDT6BRZQ8C&marketplace=FLIPKART&store=6bo%2Fb5g&srno=b_2_48&otracker=browse&otracker1=hp_rich_navigation_PINNED_neo%2Fmerchandising_NA_NAV_EXPANDABLE_navigationCard_cc_1_L2_view-all&fm=organic&iid=87cbab34-e2a8-422d-8379-cdcda806411f.COMGZS9GYMHMGDT6.SEARCH&ppt=browse&ppn=browse&ssid=sywkdau9091czgu81724252881830
"Lenovo V15 FHD AMD Ryzen 7 Octa Core 7730U - (16 GB/512 GB SSD/Windows 11 Home) v15 G4 Business Laptop  (15.6 inch, Iron Grey, 1.6 kg)","39,999",20%,INR,4,8,Only few left,DEAL28,https://www.flipkart.com/lenovo-v15-fhd-amd-ryzen-7-octa-core-7730u-16-gb-512-gb-ssd-windows-11-home-g4-business-laptop/p/itm6d6cfd664548d?pid=COMGZXHQZQPQ2R8D&lid=LSTCOMGZXHQZQPQ2R8DUQDQIP&marketplace=FLIPKART&store=6bo%2Fb5g&srno=b_3_49&otracker=browse&otracker1=hp_rich_navigation_PINNED_neo%2Fmerchandising_NA_NAV_EXPANDABLE_navigationCard_cc_1_L2_view-all&fm=organic&iid=a39f569e-4c56-4c24-965d-aa600b12fbdd.COMGZXHQZQPQ2R8D.SEARCH&ppt=browse&ppn=browse&ssid=r6w98ud6cfxw854w1724252944601
"HP 2023 Backlit Intel Core i5 12th Gen 1235U - (8 GB/512 GB SSD/Windows 11 Home) 15s-fy5002TU Thin and Light Laptop  (15.6 Inch, Natural Silver, 1.69 Kg, With MS Office)","48,990",30%,INR,4.2,126,Available,SVPeripherals,https://www.flipkart.com/hp-2023-backlit-intel-core-i5-12th-gen-1235u-8-gb-512-gb-ssd-windows-11-home-15s-fy5002tu-thin-light-laptop/p/itm9046eaf5a4af9?pid=COMGZNSBS7Z959EW&lid=LSTCOMGZNSBS7Z959EWGCQAVA&marketplace=FLIPKART&store=6bo%2Fb5g&srno=b_3_50&otracker=browse&otracker1=hp_rich_navigation_PINNED_neo%2Fmerchandising_NA_NAV_EXPANDABLE_navigationCard_cc_1_L2_view-all&fm=organic&iid=a39f569e-4c56-4c24-965d-aa600b12fbdd.COMGZNSBS7Z959EW.SEARCH&ppt=browse&ppn=browse&ssid=r6w98ud6cfxw854w1724252944601
"ASUS Vivobook Go 15 (2023) AMD Ryzen 5 Quad Core 7520U - (8 GB/512 GB SSD/Windows 11 Home) E1504FA-NJ521WS Thin and Light Laptop  (15.6 Inch, Cool Silver, 1.63 Kg, With MS Office)","38,990",41%,INR,4.3,92,Available,IndiFlashMart,https://www.flipkart.com/asus-vivobook-go-15-2023-amd-ryzen-5-quad-core-7520u-8-gb-512-gb-ssd-windows-11-home-e1504fa-nj521ws-thin-light-laptop/p/itm454b1b37dbe89?pid=COMGNRNUKRMMXNZQ&lid=LSTCOMGNRNUKRMMXNZQPQADWR&marketplace=FLIPKART&store=6bo%2Fb5g&srno=b_3_51&otracker=browse&otracker1=hp_rich_navigation_PINNED_neo%2Fmerchandising_NA_NAV_EXPANDABLE_navigationCard_cc_1_L2_view-all&fm=organic&iid=a39f569e-4c56-4c24-965d-aa600b12fbdd.COMGNRNUKRMMXNZQ.SEARCH&ppt=browse&ppn=browse&ssid=r6w98ud6cfxw854w1724252944601
"Infinix Y4 Max Series Intel Core i3 13th Gen 1315U - (16 GB/512 GB SSD/Windows 11 Home) YL613 Thin and Light Laptop  (16 inch, Silver, 1.78 kg)","33,990",43%,INR,4.2,29,Available,BUZZINDIA,https://www.flipkart.com/infinix-y4-max-series-intel-core-i3-13th-gen-1315u-16-gb-512-gb-ssd-windows-11-home-yl613-thin-light-laptop/p/itm67db9df25a241?pid=COMGWWDH9WGCHHEG&lid=LSTCOMGWWDH9WGCHHEGAO3TIN&marketplace=FLIPKART&store=6bo%2Fb5g&srno=b_3_52&otracker=browse&otracker1=hp_rich_navigation_PINNED_neo%2Fmerchandising_NA_NAV_EXPANDABLE_navigationCard_cc_1_L2_view-all&fm=organic&iid=a39f569e-4c56-4c24-965d-aa600b12fbdd.COMGWWDH9WGCHHEG.SEARCH&ppt=browse&ppn=browse&ssid=r6w98ud6cfxw854w1724252944601
"MSI Modern 14 Intel Core i5 12th Gen 1235U - (16 GB/512 GB SSD/Windows 11 Home) Modern 14 C12MO Business Laptop  (14 inch, Classic Black, 1.4 Kg, With MS Office)","43,990",16%,INR,4,3,Available,SVPeripherals,https://www.flipkart.com/msi-modern-14-intel-core-i5-12th-gen-1235u-16-gb-512-gb-ssd-windows-11-home-c12mo-business-laptop/p/itm7fb72187dc8dd?pid=COMHYWTJE2BSGGJV&lid=LSTCOMHYWTJE2BSGGJV95JWUA&marketplace=FLIPKART&store=6bo%2Fb5g&srno=b_3_53&otracker=browse&otracker1=hp_rich_navigation_PINNED_neo%2Fmerchandising_NA_NAV_EXPANDABLE_navigationCard_cc_1_L2_view-all&fm=organic&iid=a39f569e-4c56-4c24-965d-aa600b12fbdd.COMHYWTJE2BSGGJV.SEARCH&ppt=browse&ppn=browse&ssid=r6w98ud6cfxw854w1724252944601
"MSI Modern 14 Intel Core i3 12th Gen 1215U - (8 GB/512 GB SSD/Windows 11 Home) Modern 14 C12M-445IN / Modern 14 C12MO-1022IN Thin and Light Laptop  (14 Inch, Urban Silver, 1.4 Kg)","31,990",28%,INR,4.3,69,Available,BUZZINDIA,https://www.flipkart.com/msi-modern-14-intel-core-i3-12th-gen-1215u-8-gb-512-gb-ssd-windows-11-home-c12m-445in-c12mo-1022in-thin-light-laptop/p/itmb89b094346d15?pid=COMGMV6VQPNPGCBW&lid=LSTCOMGMV6VQPNPGCBWBS1ZKN&marketplace=FLIPKART&store=6bo%2Fb5g&srno=b_3_54&otracker=browse&otracker1=hp_rich_navigation_PINNED_neo%2Fmerchandising_NA_NAV_EXPANDABLE_navigationCard_cc_1_L2_view-all&fm=organic&iid=a39f569e-4c56-4c24-965d-aa600b12fbdd.COMGMV6VQPNPGCBW.SEARCH&ppt=browse&ppn=browse&ssid=r6w98ud6cfxw854w1724252944601
"DELL Inspiron 3520 Intel Core i5 12th Gen 1235U - (8 GB/512 GB SSD/Windows 11 Home) New Inspiron 15 Laptop Thin and Light Laptop  (15.6 Inch, Carbon Black, 1.65 Kg, With MS Office)","46,999",27%,INR,4.3,30,Only few left,DEAL28,https://www.flipkart.com/dell-inspiron-3520-intel-core-i5-12th-gen-1235u-8-gb-512-gb-ssd-windows-11-home-new-15-laptop-thin-light/p/itm9d2a78441a474?pid=COMGKAVGSFBZFMHP&lid=LSTCOMGKAVGSFBZFMHPXQ3DWV&marketplace=FLIPKART&store=6bo%2Fb5g&srno=b_3_55&otracker=browse&otracker1=hp_rich_navigation_PINNED_neo%2Fmerchandising_NA_NAV_EXPANDABLE_navigationCard_cc_1_L2_view-all&fm=organic&iid=a39f569e-4c56-4c24-965d-aa600b12fbdd.COMGKAVGSFBZFMHP.SEARCH&ppt=browse&ppn=browse&ssid=r6w98ud6cfxw854w1724252944601
"Lenovo Yoga 6 AMD Ryzen 7 Octa Core 7730U - (16 GB/1 TB SSD/Windows 11 Home) 13ABR8 2 in 1 Laptop  (13.3 inch, Dark Teal, 1.37 Kg, With MS Office)","79,990",34%,INR,4,2,Available,SVPeripherals,https://www.flipkart.com/lenovo-yoga-6-amd-ryzen-7-octa-core-7730u-16-gb-1-tb-ssd-windows-11-home-13abr8-2-1-laptop/p/itm0a5d2a15938e8?pid=COMGSVFES2XSYQYY&lid=LSTCOMGSVFES2XSYQYYYK27H0&marketplace=FLIPKART&store=6bo%2Fb5g&srno=b_3_56&otracker=browse&otracker1=hp_rich_navigation_PINNED_neo%2Fmerchandising_NA_NAV_EXPANDABLE_navigationCard_cc_1_L2_view-all&fm=organic&iid=a39f569e-4c56-4c24-965d-aa600b12fbdd.COMGSVFES2XSYQYY.SEARCH&ppt=browse&ppn=browse&ssid=r6w98ud6cfxw854w1724252944601
"Lenovo LOQ (2024) Intel Core i5 13th Gen 13450HX - (16 GB/512 GB SSD/Windows 11 Home/6 GB Graphics/NVIDIA GeForce RTX 3050) LOQ 15IRX9D2 Gaming Laptop  (15.6 Inch, Luna Grey, 2.38 kg, With MS Office)","76,490",29%,INR,4.2,25,Available,SVPeripherals,https://www.flipkart.com/lenovo-loq-2024-intel-core-i5-13th-gen-13450hx-16-gb-512-gb-ssd-windows-11-home-6-graphics-nvidia-geforce-rtx-3050-15irx9d2-gaming-laptop/p/itm52e42e03042c6?pid=COMGYSFGHPSWGZSV&lid=LSTCOMGYSFGHPSWGZSV3LJ4MP&marketplace=FLIPKART&store=6bo%2Fb5g&srno=b_3_57&otracker=browse&otracker1=hp_rich_navigation_PINNED_neo%2Fmerchandising_NA_NAV_EXPANDABLE_navigationCard_cc_1_L2_view-all&fm=organic&iid=a39f569e-4c56-4c24-965d-aa600b12fbdd.COMGYSFGHPSWGZSV.SEARCH&ppt=browse&ppn=browse&ssid=r6w98ud6cfxw854w1724252944601
"Acer Aspire Lite AMD Ryzen 7 Octa Core 5700U - (16 GB/1 TB SSD/Windows 11 Home) AL15-41 Thin and Light Laptop  (15.6 Inch, Steel Grey, 1.59 kg)","42,990",41%,INR,3.9,1,Only few left,ITWarehouse,https://www.flipkart.com/acer-aspire-lite-amd-ryzen-7-octa-core-5700u-16-gb-1-tb-ssd-windows-11-home-al15-41-thin-light-laptop/p/itma7c2fa5113beb?pid=COMHY74JXWVWVKFV&lid=LSTCOMHY74JXWVWVKFVLRN6XW&marketplace=FLIPKART&store=6bo%2Fb5g&srno=b_3_58&otracker=browse&otracker1=hp_rich_navigation_PINNED_neo%2Fmerchandising_NA_NAV_EXPANDABLE_navigationCard_cc_1_L2_view-all&fm=organic&iid=a39f569e-4c56-4c24-965d-aa600b12fbdd.COMHY74JXWVWVKFV.SEARCH&ppt=browse&ppn=browse&ssid=r6w98ud6cfxw854w1724252944601
"HP Victus Intel Core i5 12th Gen - (16 GB/512 GB SSD/Windows 11 Home/4 GB Graphics/NVIDIA GeForce RTX 2050) 15-fa1351TX Gaming Laptop  (15.6 inch, Performance Blue)","57,990",24%,INR,4.3,28,Available,IndiFlashMart,https://www.flipkart.com/hp-victus-intel-core-i5-12th-gen-16-gb-512-gb-ssd-windows-11-home-4-graphics-nvidia-geforce-rtx-2050-15-fa1351tx-gaming-laptop/p/itm9ad6649afe111?pid=COMHY8KVNMU2S5QQ&lid=LSTCOMHY8KVNMU2S5QQSFQYGS&marketplace=FLIPKART&store=6bo%2Fb5g&srno=b_3_59&otracker=browse&otracker1=hp_rich_navigation_PINNED_neo%2Fmerchandising_NA_NAV_EXPANDABLE_navigationCard_cc_1_L2_view-all&fm=organic&iid=a39f569e-4c56-4c24-965d-aa600b12fbdd.COMHY8KVNMU2S5QQ.SEARCH&ppt=browse&ppn=browse&ssid=r6w98ud6cfxw854w1724252944601
"ASUS Vivobook Go 14 AMD Ryzen 3 Quad Core 7320U - (8 GB/512 GB SSD/Windows 11 Pro) E1404FA-NK321WS Thin and Light Laptop  (14 Inch, Cool Silver, 1.38 Kg, With MS Office)","32,990",35%,INR,4.2,437,Available,SVPeripherals,https://www.flipkart.com/asus-vivobook-go-14-amd-ryzen-3-quad-core-7320u-8-gb-512-gb-ssd-windows-11-pro-e1404fa-nk321ws-thin-light-laptop/p/itm37ab22cfcf18d?pid=COMH2TPS4KQNJXWH&lid=LSTCOMH2TPS4KQNJXWHAQRRG7&marketplace=FLIPKART&store=6bo%2Fb5g&srno=b_3_60&otracker=browse&otracker1=hp_rich_navigation_PINNED_neo%2Fmerchandising_NA_NAV_EXPANDABLE_navigationCard_cc_1_L2_view-all&fm=organic&iid=a39f569e-4c56-4c24-965d-aa600b12fbdd.COMH2TPS4KQNJXWH.SEARCH&ppt=browse&ppn=browse&ssid=r6w98ud6cfxw854w1724252944601
"SAMSUNG Galaxy Book4 Intel Core i5 13th Gen 1335U - (8 GB/512 GB SSD/Windows 11 Home) NP750XGJ-KG1IN / NP750XGJ-LG1IN Thin and Light Laptop  (15.6 Inch, Gray, 1.55 Kg, With MS Office)","62,990",19%,INR,4.5,62,Available,RetailNet,https://www.flipkart.com/samsung-galaxy-book4-intel-core-i5-13th-gen-1335u-8-gb-512-gb-ssd-windows-11-home-np750xgj-kg1in-np750xgj-lg1in-thin-light-laptop/p/itm80f6b6ecef780?pid=COMGZUYDFZXHWYWZ&lid=LSTCOMGZUYDFZXHWYWZJ6V2KW&marketplace=FLIPKART&store=6bo%2Fb5g&srno=b_3_61&otracker=browse&otracker1=hp_rich_navigation_PINNED_neo%2Fmerchandising_NA_NAV_EXPANDABLE_navigationCard_cc_1_L2_view-all&fm=organic&iid=a39f569e-4c56-4c24-965d-aa600b12fbdd.COMGZUYDFZXHWYWZ.SEARCH&ppt=browse&ppn=browse&ssid=r6w98ud6cfxw854w1724252944601
"HP Chromebook (2024) MediaTek MT8183 - (4 GB/32 GB EMMC Storage/Chrome OS) 11MK G9 EE Chromebook Laptop  (11.6 Inch, Black, 1.34 Kg)","10,990",68%,INR,3.8,486,Available,BUZZINDIA,https://www.flipkart.com/hp-chromebook-2024-mediatek-mt8183-4-gb-32-gb-emmc-storage-chrome-os-11mk-g9-ee-laptop/p/itmbcfcbc0ab424f?pid=COMGZFFXXHNVC5A5&lid=LSTCOMGZFFXXHNVC5A5R113PX&marketplace=FLIPKART&store=6bo%2Fb5g&spotlightTagId=BestsellerId_6bo%2Fb5g&srno=b_3_62&otracker=browse&otracker1=hp_rich_navigation_PINNED_neo%2Fmerchandising_NA_NAV_EXPANDABLE_navigationCard_cc_1_L2_view-all&fm=organic&iid=a39f569e-4c56-4c24-965d-aa600b12fbdd.COMGZFFXXHNVC5A5.SEARCH&ppt=browse&ppn=browse&ssid=r6w98ud6cfxw854w1724252944601
"MSI Modern 14 Intel Core i5 12th Gen 1235U - (8 GB/512 GB SSD/Windows 11 Home) Modern 14 C12M-440IN / Modern 14 C12MO-1021IN Thin and Light Laptop  (14 Inch, Urban Silver, 1.4 Kg)","39,990",24%,INR,4.2,112,Available,BUZZINDIA,https://www.flipkart.com/msi-modern-14-intel-core-i5-12th-gen-1235u-8-gb-512-gb-ssd-windows-11-home-c12m-440in-c12mo-1021in-thin-light-laptop/p/itm350222138d6bb?pid=COMGMV6VJGYVBZSM&lid=LSTCOMGMV6VJGYVBZSMEGXIZN&marketplace=FLIPKART&store=6bo%2Fb5g&srno=b_3_63&otracker=browse&otracker1=hp_rich_navigation_PINNED_neo%2Fmerchandising_NA_NAV_EXPANDABLE_navigationCard_cc_1_L2_view-all&fm=organic&iid=a39f569e-4c56-4c24-965d-aa600b12fbdd.COMGMV6VJGYVBZSM.SEARCH&ppt=browse&ppn=browse&ssid=r6w98ud6cfxw854w1724252944601
"HP (15s-fq5007TU) Intel Core i3 12th Gen 1215U - (8 GB/512 GB SSD/Windows 11 Home) 15s-fq5327TU Thin and Light Laptop  (15.6 Inch, Natural Silver, 1.69 kg, With MS Office)","37,498",26%,INR,4.2,490,Only few left,IndiFlashMart,https://www.flipkart.com/hp-15s-fq5007tu-intel-core-i3-12th-gen-1215u-8-gb-512-gb-ssd-windows-11-home-15s-fq5327tu-thin-light-laptop/p/itm0a728a69a5520?pid=COMGYHP5MCEYZHSV&lid=LSTCOMGYHP5MCEYZHSVIYOBIU&marketplace=FLIPKART&store=6bo%2Fb5g&srno=b_3_64&otracker=browse&otracker1=hp_rich_navigation_PINNED_neo%2Fmerchandising_NA_NAV_EXPANDABLE_navigationCard_cc_1_L2_view-all&fm=organic&iid=a39f569e-4c56-4c24-965d-aa600b12fbdd.COMGYHP5MCEYZHSV.SEARCH&ppt=browse&ppn=browse&ssid=r6w98ud6cfxw854w1724252944601
"HP 250 G9 Intel Core i3 12th Gen Intel Core i3 1215U - (8 GB/512 GB SSD/Windows 11 Home) 250 G9 Business Laptop  (15.6 inch, Silver, 1.47 kg)","33,490",29%,INR,4.2,15,Only few left,WebBlaze,https://www.flipkart.com/hp-250-g9-intel-core-i3-12th-gen-1215u-8-gb-512-gb-ssd-windows-11-home-business-laptop/p/itmaeab3e70c465d?pid=COMGWYWD7GTFGFQH&lid=LSTCOMGWYWD7GTFGFQHB1QNTB&marketplace=FLIPKART&store=6bo%2Fb5g&srno=b_3_65&otracker=browse&otracker1=hp_rich_navigation_PINNED_neo%2Fmerchandising_NA_NAV_EXPANDABLE_navigationCard_cc_1_L2_view-all&fm=organic&iid=a39f569e-4c56-4c24-965d-aa600b12fbdd.COMGWYWD7GTFGFQH.SEARCH&ppt=browse&ppn=browse&ssid=r6w98ud6cfxw854w1724252944601
"DELL Inspiron 15 3520 Intel Core i5 12th Gen Core i5 - (16 GB/512 GB SSD/Windows 11 Home) Inspiron 3520 Laptop  (15.6 inch, Platinum Silver, 1.65 kg, With MS Office)","51,690",34%,INR,4.1,22,Only few left,BrandDealzz,https://www.flipkart.com/dell-inspiron-15-3520-intel-core-i5-12th-gen-16-gb-512-gb-ssd-windows-11-home-laptop/p/itm0c93229d052fe?pid=COMGTEGW6HF5GJGQ&lid=LSTCOMGTEGW6HF5GJGQKTQQCM&marketplace=FLIPKART&store=6bo%2Fb5g&srno=b_3_66&otracker=browse&otracker1=hp_rich_navigation_PINNED_neo%2Fmerchandising_NA_NAV_EXPANDABLE_navigationCard_cc_1_L2_view-all&fm=organic&iid=a39f569e-4c56-4c24-965d-aa600b12fbdd.COMGTEGW6HF5GJGQ.SEARCH&ppt=browse&ppn=browse&ssid=r6w98ud6cfxw854w1724252944601
"Lenovo IdeaPad 3 Intel Core i3 12th Gen 1215U - (16 GB/512 GB SSD/Windows 11 Home) 14IAU7 Thin and Light Laptop  (14 Inch, Arctic Grey, 1.43 Kg, With MS Office)","42,990",30%,INR,4,1,Available,SVPeripherals,https://www.flipkart.com/lenovo-ideapad-3-intel-core-i3-12th-gen-1215u-16-gb-512-gb-ssd-windows-11-home-14iau7-thin-light-laptop/p/itm6f32e928cf1c7?pid=COMHFYZ3GXFZKYNN&lid=LSTCOMHFYZ3GXFZKYNNGHX9ZY&marketplace=FLIPKART&store=6bo%2Fb5g&srno=b_3_67&otracker=browse&otracker1=hp_rich_navigation_PINNED_neo%2Fmerchandising_NA_NAV_EXPANDABLE_navigationCard_cc_1_L2_view-all&fm=organic&iid=a39f569e-4c56-4c24-965d-aa600b12fbdd.COMHFYZ3GXFZKYNN.SEARCH&ppt=browse&ppn=browse&ssid=r6w98ud6cfxw854w1724252944601
"ASUS Vivobook 15 Intel Core i5 12th Gen 1235U - (8 GB/512 GB SSD/Windows 11 Home) X1504ZA-NJ521WS | X1504ZA-NJ520WS Thin and Light Laptop  (15.6 Inch, Quiet Blue, 1.7 Kg, With MS Office)","45,990",34%,INR,4.2,115,Available,SVPeripherals,https://www.flipkart.com/asus-vivobook-15-intel-core-i5-12th-gen-1235u-8-gb-512-gb-ssd-windows-11-home-x1504za-nj521ws-x1504za-nj520ws-thin-light-laptop/p/itmf342b2b6fb5f9?pid=COMHYWSWMFQQBCG3&lid=LSTCOMHYWSWMFQQBCG3ZA9JEY&marketplace=FLIPKART&store=6bo%2Fb5g&srno=b_3_68&otracker=browse&otracker1=hp_rich_navigation_PINNED_neo%2Fmerchandising_NA_NAV_EXPANDABLE_navigationCard_cc_1_L2_view-all&fm=organic&iid=a39f569e-4c56-4c24-965d-aa600b12fbdd.COMHYWSWMFQQBCG3.SEARCH&ppt=browse&ppn=browse&ssid=r6w98ud6cfxw854w1724252944601
"Acer Predator Neo (2024) Intel Core i5 13th Gen 13500HX - (16 GB/512 GB SSD/Windows 11 Home/6 GB Graphics/NVIDIA GeForce RTX 4050) PHN16-71-59XW/ PHN16-71-553K/ PHN 16-71 Gaming Laptop  (16 Inch, Obsidian Black, 2.6 Kg)","94,990",26%,INR,4.4,57,Available,IndiFlashMart,https://www.flipkart.com/acer-predator-neo-2024-intel-core-i5-13th-gen-13500hx-16-gb-512-gb-ssd-windows-11-home-6-graphics-nvidia-geforce-rtx-4050-phn16-71-59xw-phn16-71-553k-phn-16-71-gaming-laptop/p/itm4295aa0d4297e?pid=COMGZS9G8GX9YSRH&lid=LSTCOMGZS9G8GX9YSRHMOZNKD&marketplace=FLIPKART&store=6bo%2Fb5g&srno=b_3_69&otracker=browse&otracker1=hp_rich_navigation_PINNED_neo%2Fmerchandising_NA_NAV_EXPANDABLE_navigationCard_cc_1_L2_view-all&fm=organic&iid=a39f569e-4c56-4c24-965d-aa600b12fbdd.COMGZS9G8GX9YSRH.SEARCH&ppt=browse&ppn=browse&ssid=r6w98ud6cfxw854w1724252944601
"ASUS TUF Gaming A15 AMD Ryzen 7 Octa Core 7435HS - (16 GB/512 GB SSD/Windows 11 Home/4 GB Graphics/NVIDIA GeForce RTX 3050) FA566NCR-HN075W Gaming Laptop  (15.6 inch, Graphite Black, 2.30 Kg)","71,990",17%,INR,4.2,1,Available,SVPeripherals,https://www.flipkart.com/asus-tuf-gaming-a15-amd-ryzen-7-octa-core-7435hs-16-gb-512-gb-ssd-windows-11-home-4-graphics-nvidia-geforce-rtx-3050-fa566ncr-hn075w-laptop/p/itmf85ee66cab735?pid=COMHFT2NY5V7RCMK&lid=LSTCOMHFT2NY5V7RCMKJW0ZPL&marketplace=FLIPKART&store=6bo%2Fb5g&srno=b_3_70&otracker=browse&otracker1=hp_rich_navigation_PINNED_neo%2Fmerchandising_NA_NAV_EXPANDABLE_navigationCard_cc_1_L2_view-all&fm=organic&iid=a39f569e-4c56-4c24-965d-aa600b12fbdd.COMHFT2NY5V7RCMK.SEARCH&ppt=browse&ppn=browse&ssid=r6w98ud6cfxw854w1724252944601
"HP 255 G9 AMD Athlon Dual Core AMD Athlon Silver-3050U - (4 GB/256 GB SSD/DOS) 255 G9 Thin and Light Laptop  (15.6 inch, Black, 1.47 kg)","18,999",29%,INR,3.9,116,Available,DEAL28,https://www.flipkart.com/hp-255-g9-amd-athlon-dual-core-silver-3050u-4-gb-256-gb-ssd-dos-thin-light-laptop/p/itmffac8a2b263c2?pid=COMGQRK4BKTZK5CC&lid=LSTCOMGQRK4BKTZK5CCIMCPUY&marketplace=FLIPKART&store=6bo%2Fb5g&srno=b_3_71&otracker=browse&otracker1=hp_rich_navigation_PINNED_neo%2Fmerchandising_NA_NAV_EXPANDABLE_navigationCard_cc_1_L2_view-all&fm=organic&iid=a39f569e-4c56-4c24-965d-aa600b12fbdd.COMGQRK4BKTZK5CC.SEARCH&ppt=browse&ppn=browse&ssid=r6w98ud6cfxw854w1724252944601
"HP 14 Intel Core i5 10th Gen 10210U - (8 GB/512 GB SSD/Windows 10 Home) 14-ck2018TU Thin and Light Laptop  (14 inch, Jet Black, 1.47 kg, With MS Office)","39,990",20%,INR,4.3,257,Only few left,RushabhOnline,https://www.flipkart.com/hp-14-intel-core-i5-10th-gen-10210u-8-gb-512-gb-ssd-windows-10-home-14-ck2018tu-thin-light-laptop/p/itmd402bd7a16929?pid=COMFVD2WVZWBNKZA&lid=LSTCOMFVD2WVZWBNKZAR6QMCJ&marketplace=FLIPKART&store=6bo%2Fb5g&srno=b_3_72&otracker=browse&otracker1=hp_rich_navigation_PINNED_neo%2Fmerchandising_NA_NAV_EXPANDABLE_navigationCard_cc_1_L2_view-all&fm=organic&iid=a39f569e-4c56-4c24-965d-aa600b12fbdd.COMFVD2WVZWBNKZA.SEARCH&ppt=browse&ppn=browse&ssid=r6w98ud6cfxw854w1724252944601
"Acer Aspire Lite Intel Core i3 12th Gen 1215U - (16 GB/512 GB SSD/Windows 11 Home) AL15-52 Thin and Light Laptop  (15.6 Inch, Steel Grey, 1.59 Kg)","32,990",41%,INR,4.1,14,Only 1 left,ITWarehouse,https://www.flipkart.com/acer-aspire-lite-intel-core-i3-12th-gen-1215u-16-gb-512-gb-ssd-windows-11-home-al15-52-thin-light-laptop/p/itmccdd729059930?pid=COMGWKF2QYG6XNCZ&lid=LSTCOMGWKF2QYG6XNCZRHWCKU&marketplace=FLIPKART&store=6bo%2Fb5g&srno=b_4_73&otracker=browse&otracker1=hp_rich_navigation_PINNED_neo%2Fmerchandising_NA_NAV_EXPANDABLE_navigationCard_cc_1_L2_view-all&fm=organic&iid=c6d197ef-0d57-483f-b62e-0662c1a22308.COMGWKF2QYG6XNCZ.SEARCH&ppt=browse&ppn=browse&ssid=sl8tlz4nbtvce39c1724253000964
"HP Pavilion Intel Core i5 12th Gen 1235U - (16 GB/512 GB SSD/Windows 11 Home) 14-dv2014TU Thin and Light Laptop  (14 inch, Natural Silver, 1.41 Kg, With MS Office)","61,999",15%,INR,4.3,146,Available,PETILANTE Online,https://www.flipkart.com/hp-pavilion-intel-core-i5-12th-gen-1235u-16-gb-512-gb-ssd-windows-11-home-14-dv2014tu-thin-light-laptop/p/itmb4b81cd1f873f?pid=COMGEG3ZNYZDAYVJ&lid=LSTCOMGEG3ZNYZDAYVJNYHV3Q&marketplace=FLIPKART&store=6bo%2Fb5g&srno=b_4_74&otracker=browse&otracker1=hp_rich_navigation_PINNED_neo%2Fmerchandising_NA_NAV_EXPANDABLE_navigationCard_cc_1_L2_view-all&fm=organic&iid=c6d197ef-0d57-483f-b62e-0662c1a22308.COMGEG3ZNYZDAYVJ.SEARCH&ppt=browse&ppn=browse&ssid=sl8tlz4nbtvce39c1724253000964
"ASUS Vivobook Go 15 OLED (2023) AMD Ryzen 3 Quad Core 7320U - (8 GB/512 GB SSD/Windows 11 Home) E1504FA-LK321WS Thin and Light Laptop  (15.6 Inch, Cool Silver, 1.63 Kg, With MS Office)","40,990",33%,INR,4.4,253,Available,TBL Online,https://www.flipkart.com/asus-vivobook-go-15-oled-2023-amd-ryzen-3-quad-core-7320u-8-gb-512-gb-ssd-windows-11-home-e1504fa-lk321ws-thin-light-laptop/p/itm3de88f71e558b?pid=COMGMGXFB2KYFGZN&lid=LSTCOMGMGXFB2KYFGZN0SV9BA&marketplace=FLIPKART&store=6bo%2Fb5g&srno=b_4_75&otracker=browse&otracker1=hp_rich_navigation_PINNED_neo%2Fmerchandising_NA_NAV_EXPANDABLE_navigationCard_cc_1_L2_view-all&fm=organic&iid=c6d197ef-0d57-483f-b62e-0662c1a22308.COMGMGXFB2KYFGZN.SEARCH&ppt=browse&ppn=browse&ssid=sl8tlz4nbtvce39c1724253000964
"Lenovo LOQ (2024) Intel Core i5 12th Gen 12450HX - (12 GB/512 GB SSD/Windows 11 Home/4 GB Graphics/NVIDIA GeForce RTX 2050) LOQ 15IAX9D1 Gaming Laptop  (39.62 cm, Luna Grey, 2.38 kg)","59,490",25%,INR,4.3,16,Available,SVPeripherals,https://www.flipkart.com/lenovo-loq-2024-intel-core-i5-12th-gen-12450hx-12-gb-512-gb-ssd-windows-11-home-4-graphics-nvidia-geforce-rtx-2050-15iax9d1-gaming-laptop/p/itm6256bf8c4a275?pid=COMHY9Z8AFVPHVJF&lid=LSTCOMHY9Z8AFVPHVJFAMRSWH&marketplace=FLIPKART&store=6bo%2Fb5g&srno=b_4_76&otracker=browse&otracker1=hp_rich_navigation_PINNED_neo%2Fmerchandising_NA_NAV_EXPANDABLE_navigationCard_cc_1_L2_view-all&fm=organic&iid=c6d197ef-0d57-483f-b62e-0662c1a22308.COMHY9Z8AFVPHVJF.SEARCH&ppt=browse&ppn=browse&ssid=sl8tlz4nbtvce39c1724253000964
"HP Intel Core i3 12th Gen 1215U - (8 GB/512 GB SSD/Windows 11 Home) 14s-dq5138tu Thin and Light Laptop  (14 inch, Natual Silver, 1.46 Kg, With MS Office)","36,999",27%,INR,4.2,490,Only few left,DEAL28,https://www.flipkart.com/hp-intel-core-i3-12th-gen-1215u-8-gb-512-gb-ssd-windows-11-home-14s-dq5138tu-thin-light-laptop/p/itm7c9211543d594?pid=COMGYCPJ6VHRGYT2&lid=LSTCOMGYCPJ6VHRGYT2OTMBUE&marketplace=FLIPKART&store=6bo%2Fb5g&srno=b_4_77&otracker=browse&otracker1=hp_rich_navigation_PINNED_neo%2Fmerchandising_NA_NAV_EXPANDABLE_navigationCard_cc_1_L2_view-all&fm=organic&iid=c6d197ef-0d57-483f-b62e-0662c1a22308.COMGYCPJ6VHRGYT2.SEARCH&ppt=browse&ppn=browse&ssid=sl8tlz4nbtvce39c1724253000964
"Acer Aspire Lite (2024) AMD Ryzen 5 Hexa Core 5500U - (16 GB/512 GB SSD/Windows 11 Home) AL15-41 Thin and Light Laptop  (15.6 inch, Steel Grey, 1.59 Kg)","35,990",40%,INR,3.9,23,Only few left,ITWarehouse,https://www.flipkart.com/acer-aspire-lite-2024-amd-ryzen-5-hexa-core-5500u-16-gb-512-gb-ssd-windows-11-home-al15-41-thin-light-laptop/p/itmcce1a47b0d361?pid=COMGXPH6V5PZNMWU&lid=LSTCOMGXPH6V5PZNMWUALJFDH&marketplace=FLIPKART&store=6bo%2Fb5g&srno=b_4_78&otracker=browse&otracker1=hp_rich_navigation_PINNED_neo%2Fmerchandising_NA_NAV_EXPANDABLE_navigationCard_cc_1_L2_view-all&fm=organic&iid=c6d197ef-0d57-483f-b62e-0662c1a22308.COMGXPH6V5PZNMWU.SEARCH&ppt=browse&ppn=browse&ssid=sl8tlz4nbtvce39c1724253000964
"Acer Chromebook (2024) Intel Celeron Dual Core N4500 - (8 GB/128 GB EMMC Storage/Chrome OS) CB314-3H-C5QE Chromebook Laptop  (14 inch, Silver, 1.45 Kg)","14,990",62%,INR,3.6,13,Available,SVPeripherals,https://www.flipkart.com/acer-chromebook-2024-intel-celeron-dual-core-n4500-8-gb-128-gb-emmc-storage-chrome-os-cb314-3h-c5qe-laptop/p/itmf7e8ce733eb56?pid=COMGSV3GZYUDG6NP&lid=LSTCOMGSV3GZYUDG6NP2QWBZA&marketplace=FLIPKART&store=6bo%2Fb5g&srno=b_4_79&otracker=browse&otracker1=hp_rich_navigation_PINNED_neo%2Fmerchandising_NA_NAV_EXPANDABLE_navigationCard_cc_1_L2_view-all&fm=organic&iid=c6d197ef-0d57-483f-b62e-0662c1a22308.COMGSV3GZYUDG6NP.SEARCH&ppt=browse&ppn=browse&ssid=sl8tlz4nbtvce39c1724253000964
"Infinix Y1 Plus Neo Intel Intel Celeron Quad Core 11th Gen JSL N5100 - (8 GB/512 GB SSD/Windows 11 Home) XL30 Thin and Light Laptop  (15.36 inch, Grey, 1.76 Kg)","22,990",12%,INR,4,593,Available,BUZZINDIA,https://www.flipkart.com/infinix-y1-plus-neo-intel-celeron-quad-core-11th-gen-jsl-n5100-8-gb-512-gb-ssd-windows-11-home-xl30-thin-light-laptop/p/itm18c49de0eee3d?pid=COMGZ7YCWHTPFVYY&lid=LSTCOMGZ7YCWHTPFVYYYBRXZN&marketplace=FLIPKART&store=6bo%2Fb5g&srno=b_4_80&otracker=browse&otracker1=hp_rich_navigation_PINNED_neo%2Fmerchandising_NA_NAV_EXPANDABLE_navigationCard_cc_1_L2_view-all&fm=organic&iid=c6d197ef-0d57-483f-b62e-0662c1a22308.COMGZ7YCWHTPFVYY.SEARCH&ppt=browse&ppn=browse&ssid=sl8tlz4nbtvce39c1724253000964
"Lenovo IdeaPad Slim 5 AI PC WUXGA OLED Intel Core Ultra 5 125H - (16 GB/1 TB SSD/Windows 11 Home) 14IMH9 Laptop  (14 Inch, Cloud Grey, 1.46 Kg, With MS Office)","81,490",19%,INR,4,18,Only few left,SVPeripherals,https://www.flipkart.com/lenovo-ideapad-slim-5-ai-pc-wuxga-oled-intel-core-ultra-125h-16-gb-1-tb-ssd-windows-11-home-14imh9-laptop/p/itm089031723a8df?pid=COMGXAU9B7GGGZH4&lid=LSTCOMGXAU9B7GGGZH4QBWTKF&marketplace=FLIPKART&store=6bo%2Fb5g&srno=b_4_81&otracker=browse&otracker1=hp_rich_navigation_PINNED_neo%2Fmerchandising_NA_NAV_EXPANDABLE_navigationCard_cc_1_L2_view-all&fm=organic&iid=c6d197ef-0d57-483f-b62e-0662c1a22308.COMGXAU9B7GGGZH4.SEARCH&ppt=browse&ppn=browse&ssid=sl8tlz4nbtvce39c1724253000964
"MSI Thin 15 Intel Core i5 12th Gen 12450H - (16 GB/512 GB SSD/Windows 11 Home/4 GB Graphics/NVIDIA GeForce RTX 3050) Thin 15 B12UC-1692IN Gaming Laptop  (15.6 Inch, Cosmos Gray, 1.86 Kg)","62,990",17%,INR,4.3,34,Available,SVPeripherals,https://www.flipkart.com/msi-thin-15-intel-core-i5-12th-gen-12450h-16-gb-512-gb-ssd-windows-11-home-4-graphics-nvidia-geforce-rtx-3050-b12uc-1692in-gaming-laptop/p/itme7b9d8db1b7be?pid=COMGYSFGYMSJ7QPE&lid=LSTCOMGYSFGYMSJ7QPEQ2CEMQ&marketplace=FLIPKART&store=6bo%2Fb5g&srno=b_4_82&otracker=browse&otracker1=hp_rich_navigation_PINNED_neo%2Fmerchandising_NA_NAV_EXPANDABLE_navigationCard_cc_1_L2_view-all&fm=organic&iid=c6d197ef-0d57-483f-b62e-0662c1a22308.COMGYSFGYMSJ7QPE.SEARCH&ppt=browse&ppn=browse&ssid=sl8tlz4nbtvce39c1724253000964
"MSI Modern 14 AMD Ryzen 5 Hexa Core 7530U - (8 GB/512 GB SSD/Windows 11 Home) Modern 14 C7M-063IN Thin and Light Laptop  (14 Inch, Urban Silver, 1.4 Kg)","33,990",45%,INR,4.3,239,Available,BUZZINDIA,https://www.flipkart.com/msi-modern-14-amd-ryzen-5-hexa-core-7530u-8-gb-512-gb-ssd-windows-11-home-c7m-063in-thin-light-laptop/p/itma9abd86c9c099?pid=COMGMV6VHGPAGP55&lid=LSTCOMGMV6VHGPAGP553JIQX6&marketplace=FLIPKART&store=6bo%2Fb5g&srno=b_4_83&otracker=browse&otracker1=hp_rich_navigation_PINNED_neo%2Fmerchandising_NA_NAV_EXPANDABLE_navigationCard_cc_1_L2_view-all&fm=organic&iid=c6d197ef-0d57-483f-b62e-0662c1a22308.COMGMV6VHGPAGP55.SEARCH&ppt=browse&ppn=browse&ssid=sl8tlz4nbtvce39c1724253000964
"ASUS Vivobook Go 14 (2023) AMD Ryzen 3 Quad Core 7320U - (8 GB/512 GB SSD/Windows 11 Home) E1404FA-NK321WS Thin and Light Laptop  (14.1 inch, Silver, 1.38 kg, With MS Office)","32,970",35%,INR,4.2,4,Only 1 left,ElectronicsBuzz,https://www.flipkart.com/asus-vivobook-go-14-2023-amd-ryzen-3-quad-core-7320u-8-gb-512-gb-ssd-windows-11-home-e1404fa-nk321ws-thin-light-laptop/p/itmc5f8cb8e52c33?pid=COMGSHS5YSKJ7GQP&lid=LSTCOMGSHS5YSKJ7GQP5F7BOC&marketplace=FLIPKART&store=6bo%2Fb5g&srno=b_4_84&otracker=browse&otracker1=hp_rich_navigation_PINNED_neo%2Fmerchandising_NA_NAV_EXPANDABLE_navigationCard_cc_1_L2_view-all&fm=organic&iid=c6d197ef-0d57-483f-b62e-0662c1a22308.COMGSHS5YSKJ7GQP.SEARCH&ppt=browse&ppn=browse&ssid=sl8tlz4nbtvce39c1724253000964
"Lenovo IdeaPad Slim 1 AMD Ryzen 5 Quad Core 7520U - (8 GB/512 GB SSD/Windows 11 Home) 15AMN7 Thin and Light Laptop  (15.6 inch, Cloud Grey, 1.58 kg, With MS Office)","33,119",49%,INR,4.2,21,Available,ElectronicsEstore,https://www.flipkart.com/lenovo-ideapad-slim-1-amd-ryzen-5-quad-core-7520u-8-gb-512-gb-ssd-windows-11-home-15amn7-thin-light-laptop/p/itm0ddb6eb3b6bef?pid=COMHYUNJGKSJGPGN&lid=LSTCOMHYUNJGKSJGPGNGZTGGT&marketplace=FLIPKART&store=6bo%2Fb5g&srno=b_4_85&otracker=browse&otracker1=hp_rich_navigation_PINNED_neo%2Fmerchandising_NA_NAV_EXPANDABLE_navigationCard_cc_1_L2_view-all&fm=organic&iid=c6d197ef-0d57-483f-b62e-0662c1a22308.COMHYUNJGKSJGPGN.SEARCH&ppt=browse&ppn=browse&ssid=sl8tlz4nbtvce39c1724253000964
"Lenovo IdeaPad 3 Intel Core i3 12th Gen 1215U - (8 GB/512 GB SSD/Windows 11 Home) 14IAU7 Thin and Light Laptop  (14 Inch, Arctic Grey, 1.43 Kg, With MS Office)","35,490",35%,INR,4.3,2,Available,FastDeals,https://www.flipkart.com/lenovo-ideapad-3-intel-core-i3-12th-gen-1215u-8-gb-512-gb-ssd-windows-11-home-14iau7-thin-light-laptop/p/itm995400ebd2c26?pid=COMH26TMFRYKCE4B&lid=LSTCOMH26TMFRYKCE4BGZG5RK&marketplace=FLIPKART&store=6bo%2Fb5g&srno=b_4_86&otracker=browse&otracker1=hp_rich_navigation_PINNED_neo%2Fmerchandising_NA_NAV_EXPANDABLE_navigationCard_cc_1_L2_view-all&fm=organic&iid=c6d197ef-0d57-483f-b62e-0662c1a22308.COMH26TMFRYKCE4B.SEARCH&ppt=browse&ppn=browse&ssid=sl8tlz4nbtvce39c1724253000964
"DELL Intel Core i5 13th Gen 1335U - (16 GB/1 TB SSD/Windows 11 Home) Inspiron 3530 Thin and Light Laptop  (15.6 Inch, Platinum Silver, 1.62 kg, With MS Office)","60,990",34%,INR,4.1,6,Only few left,TechPixel,https://www.flipkart.com/dell-intel-core-i5-13th-gen-1335u-16-gb-1-tb-ssd-windows-11-home-inspiron-3530-thin-light-laptop/p/itmde8407c6c5b9d?pid=COMGTQXEPE3ZKHN8&lid=LSTCOMGTQXEPE3ZKHN8AKITEZ&marketplace=FLIPKART&store=6bo%2Fb5g&srno=b_4_87&otracker=browse&otracker1=hp_rich_navigation_PINNED_neo%2Fmerchandising_NA_NAV_EXPANDABLE_navigationCard_cc_1_L2_view-all&fm=organic&iid=c6d197ef-0d57-483f-b62e-0662c1a22308.COMGTQXEPE3ZKHN8.SEARCH&ppt=browse&ppn=browse&ssid=sl8tlz4nbtvce39c1724253000964
"HP FQ Series Intel Core i3 12th Gen 1215U - (8 GB/512 GB SSD/Windows 11 Home) 15s-FQ5326TU Laptop  (15.6 inch, Silver, 1.69 kg, With MS Office)","36,490",24%,INR,4.3,0,Available,LaptopSolutions,https://www.flipkart.com/hp-fq-series-intel-core-i3-12th-gen-1215u-8-gb-512-gb-ssd-windows-11-home-15s-fq5326tu-laptop/p/itme9a2532043dc2?pid=COMHFG63BRFVGXHW&lid=LSTCOMHFG63BRFVGXHWMKZTXB&marketplace=FLIPKART&store=6bo%2Fb5g&srno=b_4_88&otracker=browse&otracker1=hp_rich_navigation_PINNED_neo%2Fmerchandising_NA_NAV_EXPANDABLE_navigationCard_cc_1_L2_view-all&fm=organic&iid=c6d197ef-0d57-483f-b62e-0662c1a22308.COMHFG63BRFVGXHW.SEARCH&ppt=browse&ppn=browse&ssid=sl8tlz4nbtvce39c1724253000964
"CHUWI Intel Celeron Dual Core 11th Gen N4020 - (8 GB/256 GB SSD/Windows 11 Home) HeroBook Pro Laptop  (14.1 inch, Grey, 1.39 kg)","16,990",51%,INR,3.7,84,Only few left,TheElefANT,https://www.flipkart.com/chuwi-intel-celeron-dual-core-11th-gen-n4020-8-gb-256-gb-ssd-windows-11-home-herobook-pro-laptop/p/itm5e1f327988402?pid=COMGQHMZWHRXFWET&lid=LSTCOMGQHMZWHRXFWETVNWSPG&marketplace=FLIPKART&store=6bo%2Fb5g&srno=b_4_89&otracker=browse&otracker1=hp_rich_navigation_PINNED_neo%2Fmerchandising_NA_NAV_EXPANDABLE_navigationCard_cc_1_L2_view-all&fm=organic&iid=c6d197ef-0d57-483f-b62e-0662c1a22308.COMGQHMZWHRXFWET.SEARCH&ppt=browse&ppn=browse&ssid=sl8tlz4nbtvce39c1724253000964
"Lenovo IdeaPad Slim 1 AMD Ryzen 5 Quad Core 7520U - (8 GB/512 GB SSD/Windows 11 Home) 15AMN7 Thin and Light Laptop  (15.6 inch, Cloud Grey, 1.58 kg, With MS Office)","35,990",45%,INR,4,8,Available,GRAHGOODS RETAIL,https://www.flipkart.com/lenovo-ideapad-slim-1-amd-ryzen-5-quad-core-7520u-8-gb-512-gb-ssd-windows-11-home-15amn7-thin-light-laptop/p/itm0ddb6eb3b6bef?pid=COMGRU9ZMYRQWDH5&lid=LSTCOMGRU9ZMYRQWDH5J6LCCS&marketplace=FLIPKART&store=6bo%2Fb5g&srno=b_4_90&otracker=browse&otracker1=hp_rich_navigation_PINNED_neo%2Fmerchandising_NA_NAV_EXPANDABLE_navigationCard_cc_1_L2_view-all&fm=organic&iid=c6d197ef-0d57-483f-b62e-0662c1a22308.COMGRU9ZMYRQWDH5.SEARCH&ppt=browse&ppn=browse&ssid=sl8tlz4nbtvce39c1724253000964
"Acer Aspire 7 (2024) Intel Core i5 12th Gen 12450H - (16 GB/512 GB SSD/Windows 11 Home/4 GB Graphics/NVIDIA GeForce RTX 3050/144 Hz) A715-76G-548J Gaming Laptop  (15.6 Inch, Charcoal Black, 2.1 Kg)","57,990",31%,INR,4.2,151,Available,IndiFlashMart,https://www.flipkart.com/acer-aspire-7-2024-intel-core-i5-12th-gen-12450h-16-gb-512-gb-ssd-windows-11-home-4-graphics-nvidia-geforce-rtx-3050-144-hz-a715-76g-548j-gaming-laptop/p/itm20708ce5793f7?pid=COMGP8QVTK3EQDXE&lid=LSTCOMGP8QVTK3EQDXEKW8XW5&marketplace=FLIPKART&store=6bo%2Fb5g&srno=b_4_91&otracker=browse&otracker1=hp_rich_navigation_PINNED_neo%2Fmerchandising_NA_NAV_EXPANDABLE_navigationCard_cc_1_L2_view-all&fm=organic&iid=c6d197ef-0d57-483f-b62e-0662c1a22308.COMGP8QVTK3EQDXE.SEARCH&ppt=browse&ppn=browse&ssid=sl8tlz4nbtvce39c1724253000964
"Lenovo IdeaPad Slim 1 (2024) AMD Ryzen 5 Hexa Core 5500U - (8 GB/512 GB SSD/Windows 11 Home) 15ACL6 | 15ALC7 2 Thin and Light Laptop  (39.62 cm, Cloud Grey, 1.65 kg, With MS Office)","35,490",35%,INR,4.2,414,Available,PETILANTE Online,https://www.flipkart.com/lenovo-ideapad-slim-1-2024-amd-ryzen-5-hexa-core-5500u-8-gb-512-gb-ssd-windows-11-home-15acl6-15alc7-2-thin-light-laptop/p/itmfab29c14ba777?pid=COMG9VHHF6HVJPP9&lid=LSTCOMG9VHHF6HVJPP9U213LU&marketplace=FLIPKART&store=6bo%2Fb5g&srno=b_4_92&otracker=browse&otracker1=hp_rich_navigation_PINNED_neo%2Fmerchandising_NA_NAV_EXPANDABLE_navigationCard_cc_1_L2_view-all&fm=organic&iid=c6d197ef-0d57-483f-b62e-0662c1a22308.COMG9VHHF6HVJPP9.SEARCH&ppt=browse&ppn=browse&ssid=sl8tlz4nbtvce39c1724253000964
"ASUS Vivobook Go 14 AMD Ryzen 3 Quad Core 7320U - (8 GB/512 GB SSD/Windows 11 Home) E1404FA-NK327WS Thin and Light Laptop  (14 Inch, Mixed Black, 1.38 kg, With MS Office)","32,990",35%,INR,4.2,437,Available,SVPeripherals,https://www.flipkart.com/asus-vivobook-go-14-amd-ryzen-3-quad-core-7320u-8-gb-512-gb-ssd-windows-11-home-e1404fa-nk327ws-thin-light-laptop/p/itmd6733f7332771?pid=COMGS2AJ3EFRSRBQ&lid=LSTCOMGS2AJ3EFRSRBQCQQNVR&marketplace=FLIPKART&store=6bo%2Fb5g&srno=b_4_93&otracker=browse&otracker1=hp_rich_navigation_PINNED_neo%2Fmerchandising_NA_NAV_EXPANDABLE_navigationCard_cc_1_L2_view-all&fm=organic&iid=c6d197ef-0d57-483f-b62e-0662c1a22308.COMGS2AJ3EFRSRBQ.SEARCH&ppt=browse&ppn=browse&ssid=sl8tlz4nbtvce39c1724253000964
"Lenovo IdeaPad Slim 3 Intel Core i7 12th Gen 1255U - (16 GB/512 GB SSD/Windows 11 Home) 15IAU7 Thin and Light Laptop  (15.6 Inch, Arctic Grey, 1.63 Kg, With MS Office)","59,990",26%,INR,4,5,Available,SVPeripherals,https://www.flipkart.com/lenovo-ideapad-slim-3-intel-core-i7-12th-gen-1255u-16-gb-512-gb-ssd-windows-11-home-15iau7-thin-light-laptop/p/itm48a95943aef04?pid=COMGVQ2YZYNBBHVJ&lid=LSTCOMGVQ2YZYNBBHVJYDGGVO&marketplace=FLIPKART&store=6bo%2Fb5g&srno=b_4_94&otracker=browse&otracker1=hp_rich_navigation_PINNED_neo%2Fmerchandising_NA_NAV_EXPANDABLE_navigationCard_cc_1_L2_view-all&fm=organic&iid=c6d197ef-0d57-483f-b62e-0662c1a22308.COMGVQ2YZYNBBHVJ.SEARCH&ppt=browse&ppn=browse&ssid=sl8tlz4nbtvce39c1724253000964
"ASUS Vivobook Go 15 (2023) AMD Ryzen 5 Quad Core 7520U - (8 GB/512 GB SSD/Windows 11 Home) E1504FA-NJ522WS Thin and Light Laptop  (15.6 Inch, Mixed Black, 1.63 Kg, With MS Office)","38,990",38%,INR,4.3,92,Available,TBL Online,https://www.flipkart.com/asus-vivobook-go-15-2023-amd-ryzen-5-quad-core-7520u-8-gb-512-gb-ssd-windows-11-home-e1504fa-nj522ws-thin-light-laptop/p/itm4f2c71a24a327?pid=COMGMGXFHUHQE3XZ&lid=LSTCOMGMGXFHUHQE3XZVMF0VE&marketplace=FLIPKART&store=6bo%2Fb5g&srno=b_4_95&otracker=browse&otracker1=hp_rich_navigation_PINNED_neo%2Fmerchandising_NA_NAV_EXPANDABLE_navigationCard_cc_1_L2_view-all&fm=organic&iid=c6d197ef-0d57-483f-b62e-0662c1a22308.COMGMGXFHUHQE3XZ.SEARCH&ppt=browse&ppn=browse&ssid=sl8tlz4nbtvce39c1724253000964
"DELL Inspiron 15 AMD Ryzen 5 Quad Core 5500u - (8 GB/512 GB SSD/Windows 11 Home) Inspiron 3525 Thin and Light Laptop  (15.6 inch, Platinum Silver, 1.8 Kg, With MS Office)","36,990",27%,INR,4.1,5,Only 1 left,LaptopSolutions,https://www.flipkart.com/dell-inspiron-15-amd-ryzen-5-quad-core-5500u-8-gb-512-gb-ssd-windows-11-home-3525-thin-light-laptop/p/itm31662ec7a2db3?pid=COMGQFB6ZZ3REMZH&lid=LSTCOMGQFB6ZZ3REMZHU56L3A&marketplace=FLIPKART&store=6bo%2Fb5g&srno=b_4_96&otracker=browse&otracker1=hp_rich_navigation_PINNED_neo%2Fmerchandising_NA_NAV_EXPANDABLE_navigationCard_cc_1_L2_view-all&fm=organic&iid=c6d197ef-0d57-483f-b62e-0662c1a22308.COMGQFB6ZZ3REMZH.SEARCH&ppt=browse&ppn=browse&ssid=sl8tlz4nbtvce39c1724253000964
"Acer Aspire 3 Backlit Intel Core i3 12th Gen 1215U - (8 GB/512 GB SSD/Windows 11 Home) A324-51 Thin and Light Laptop  (14 Inch, Steel Gray, 1.45 Kg)","30,990",29%,INR,4.1,9,Available,SVPeripherals,https://www.flipkart.com/acer-aspire-3-backlit-intel-core-i3-12th-gen-1215u-8-gb-512-gb-ssd-windows-11-home-a324-51-thin-light-laptop/p/itmd2d604bcca151?pid=COMHY24RRTCSUGMG&lid=LSTCOMHY24RRTCSUGMGXDAVTT&marketplace=FLIPKART&store=6bo%2Fb5g&srno=b_5_97&otracker=browse&otracker1=hp_rich_navigation_PINNED_neo%2Fmerchandising_NA_NAV_EXPANDABLE_navigationCard_cc_1_L2_view-all&fm=organic&iid=fe9ee10b-24ec-4352-b6aa-bc38960f3c25.COMHY24RRTCSUGMG.SEARCH&ppt=browse&ppn=browse&ssid=kj1f6yzh8splwcg01724253048432
"Lenovo IdeaPad 3 Intel Core i3 12th Gen 1215U - (8 GB/512 GB SSD/Windows 11 Home) 14IAU7 Thin and Light Laptop  (14 Inch, Arctic Grey, 1.43 Kg, With MS Office)","39,490",28%,INR,4.2,70,Available,SVPeripherals,https://www.flipkart.com/lenovo-ideapad-3-intel-core-i3-12th-gen-1215u-8-gb-512-gb-ssd-windows-11-home-14iau7-thin-light-laptop/p/itmdfa8fc0e85938?pid=COMHFYZ3VJ36ZTJZ&lid=LSTCOMHFYZ3VJ36ZTJZGRHDNQ&marketplace=FLIPKART&store=6bo%2Fb5g&srno=b_5_98&otracker=browse&otracker1=hp_rich_navigation_PINNED_neo%2Fmerchandising_NA_NAV_EXPANDABLE_navigationCard_cc_1_L2_view-all&fm=organic&iid=fe9ee10b-24ec-4352-b6aa-bc38960f3c25.COMHFYZ3VJ36ZTJZ.SEARCH&ppt=browse&ppn=browse&ssid=kj1f6yzh8splwcg01724253048432
"ZEBRONICS Pro Series Z Intel Core i5 12th Gen 1235U - (8 GB/512 GB SSD/Windows 11 Home) ZEB-NBC 4S Thin and Light Laptop  (15.6 inch, Midnight Blue, 1.76 Kg)","29,990",50%,INR,3.8,72,Only few left,RetailNet,https://www.flipkart.com/zebronics-pro-series-z-intel-core-i5-12th-gen-1235u-8-gb-512-gb-ssd-windows-11-home-zeb-nbc-4s-thin-light-laptop/p/itmf4967e076a331?pid=COMGSZ8N2NFC8CGS&lid=LSTCOMGSZ8N2NFC8CGSARQDQB&marketplace=FLIPKART&store=6bo%2Fb5g&spotlightTagId=TrendingId_6bo%2Fb5g&srno=b_5_99&otracker=browse&otracker1=hp_rich_navigation_PINNED_neo%2Fmerchandising_NA_NAV_EXPANDABLE_navigationCard_cc_1_L2_view-all&fm=organic&iid=fe9ee10b-24ec-4352-b6aa-bc38960f3c25.COMGSZ8N2NFC8CGS.SEARCH&ppt=browse&ppn=browse&ssid=kj1f6yzh8splwcg01724253048432
"Acer Chromebook Plus (2024) Intel Core i3 N305 - (8 GB/256 GB SSD/Chrome OS) CB514-4H-39T7 Chromebook Laptop  (14 Inch, Steel Gray, 1.43 Kg)","25,990",51%,INR,4.2,3,Only 2 left,SVPeripherals,https://www.flipkart.com/acer-chromebook-plus-2024-intel-core-i3-n305-8-gb-256-gb-ssd-chrome-os-cb514-4h-39t7-laptop/p/itm5542cc6900ec1?pid=COMHFC9KE39WGHMA&lid=LSTCOMHFC9KE39WGHMAQAKNGX&marketplace=FLIPKART&store=6bo%2Fb5g&srno=b_5_100&otracker=browse&otracker1=hp_rich_navigation_PINNED_neo%2Fmerchandising_NA_NAV_EXPANDABLE_navigationCard_cc_1_L2_view-all&fm=organic&iid=fe9ee10b-24ec-4352-b6aa-bc38960f3c25.COMHFC9KE39WGHMA.SEARCH&ppt=browse&ppn=browse&ssid=kj1f6yzh8splwcg01724253048432
